0.16325718591663382,0.8183313558085228,0.18341263431025104,0.5594546893924907,-0.19635374411641368,-0.763430834060139,-0.25618161388838706,0.4687488365392945,-0.33562327234588224,-1.19999,2.19999,-0.2678250559446612,-0.61999,-0.38648798868086454,-0.9048906647053686,1.1694746060145542,-0.38959179555227724,0.7129400123978488,0.0,-1.0921379459549796,-0.1954620784939949,-0.49999,0.4004885779098623,0.5346149751995563,-1.0399021660093266,-0.4326134455553952,-0.5945523334736627
0.16410036850080462,1.7047931845079805,0.30334745322948714,0.09375685332942056,-0.5950858957395422,0.3364198240460588,-0.7238122209070875,0.2764411229197405,0.24393531660679704,-0.9593376178830245,1.1477189671060675,0.07256229606028336,0.18562380895584207,0.3699900000056446,-1.1999900000056445,0.4935714480793406,-0.39908503955873853,-0.21670236418338198,0.0,0.002085410041791063,1.2575823599834541,-0.40758217117518125,0.6970438348877414,-1.4024391749997098,0.1999900000056446,0.4999900000056446,0.8581653937226016
-0.02928738379445329,1.794474494291601,0.2523515392783194,-0.24127669549789066,0.43692314498259976,0.8066111190346075,0.3166421074934138,0.36772155629480124,-0.36999,-1.19999,1.455518466861051,-0.6698203740165494,-0.3466354950477973,-0.35644182099248684,-0.5762945164963298,1.4702268197224904,0.27007823253183216,0.06377498723675191,0.0,-0.7501875306114489,-0.012264586243283571,-0.49999,0.5208268826462222,-0.3118079903605989,-0.7609792336493638,0.3677605228366756,0.5807602889310565
-0.09032409243949704,0.2464733160120308,0.23851370319312748,-0.5202648978544508,-0.17631560627369236,0.5063636298021656,-0.6647052861670446,0.41342414945367467,-0.37,-1.2,0.871705067137821,-0.24912708635111103,-0.10285952633076491,-0.03492782541895971,-0.20308660220970837,0.6273168068943218,0.8034482950780197,-0.206353982323904,0.0,-0.9328602073037978,-0.2,-0.5,0.6930302166164816,-0.47594608078957173,-0.9064054555252433,0.5,0.49831628027106806
-0.043655976248442634,0.2731120468393144,0.22305412334347724,-0.45682903922364215,-0.15060882226746355,0.6975773625721977,-0.5310461701246209,0.6199900000008663,-0.3699900000008663,-1.199990000000866,1.8272354443605086,-0.8999900000008664,-0.4443362939639526,-0.4099900000008663,-0.23196099135733506,0.8163662349589647,-0.10725412594328822,0.12846779345121456,0.0,-1.1178844105943633,-0.19999000000085376,-0.4999900000008663,0.6504272021806121,-0.5049657045671897,-0.4117755058969242,0.4022117311815604,0.7493582078758568
-0.012286414459413858,0.2807743057441654,0.28053689103879226,-0.43715933326966716,-0.2417088461006819,0.694881289395693,-0.5173089451185587,0.4440740093178684,-0.36999,-1.19999,1.3557708517641298,-0.880742248199021,-0.3986563911520989,-0.2091715045290764,-0.2591958627348994,0.5175086403158663,-0.03632879002166689,0.6509103137247357,0.0,-1.2594690867357676,-0.19999,-0.49999,0.706763130672344,-0.5163248519228231,-0.6623564385613883,0.38958138454915464,1.1026327740797133
0.07981480252640508,-0.9287890497225374,0.2717810124777248,-0.42719503692577365,-0.054968344755225225,0.5720815017589046,-0.6980011725248986,0.21797531000655102,0.019613783799534205,-1.19999,1.9278331118248662,-0.2668669167892759,-0.3368122412616003,-0.32200365747233345,-0.9550186709354404,2.078697843481369,0.14091948690830935,0.5790926608700406,0.0,-0.6463953478463537,-0.1159399533060175,-0.49999,0.580994804016257,0.35265724777914775,-1.1673801828878099,0.41512656115509766,0.8723179273089026
0.43980794610250673,-1.7253127308768077,0.25072817947853837,-0.3790798770376474,-0.2311628779591963,0.2754014986240111,-0.8526524410534416,0.2814486122054003,-0.369990082644779,-1.199990082644779,1.4567257282125416,-0.741653213685641,-0.5814955569100634,-0.40999008264426723,-0.8383212859880416,1.8987109922196082,-0.057072900041242276,0.15004034772746944,0.0,0.21729968663050875,0.6519716598466586,-0.499990082644779,-0.44037361148790816,-0.23350668402477712,-0.5799336380863283,0.4912024125849126,1.0516679398725195
0.4414399625438562,-1.7199438153526632,0.2546160029676705,-0.3766761387081487,-0.23311075497836564,0.2692530755506582,-0.8551474982410036,0.24955195784211395,-0.369990000683009,-1.1999900006830089,1.4339361982409848,-0.7549929749468594,-0.6168276627084761,-0.4047372847010315,-0.8478675326925993,1.9092866573253287,-0.07802550373896204,0.14994737598445462,0.0,0.2238190453378876,0.6265181213853832,-0.49999000068300903,-0.4362253115761785,-0.27262333790059,-0.6121259171588342,0.48175310316736736,1.068047907271752
0.4427419934590485,-1.7133464766595443,0.2589920534910131,-0.3739475787969697,-0.2320443240138321,0.2758727299055547,-0.8545249422335811,0.22464707122016842,-0.36999000000564464,-1.1999900000056445,1.4287103209970682,-0.7469919932591677,-0.6199900000056447,-0.40648868601986327,-0.8602245621918247,1.9395670422449405,-0.1259580752473233,0.18800186168674332,0.0,0.20395491630439327,0.6026249099011604,-0.49999000000564464,-0.43719200341050274,-0.302537722819862,-0.6487398157382325,0.47443592203256973,1.090406966364914
0.44420579408705113,-1.7065942022277452,0.2627835459179385,-0.3670107266963517,-0.23885120441029842,0.29104311759296736,-0.8506157371829728,0.23830428610449178,-0.36999000000564464,-1.1999900000056445,1.4283186802991192,-0.74888566836431,-0.6199900000056447,-0.39426519975704205,-0.8733476310193712,1.958531478072752,-0.1891787304001364,0.25622025933702264,0.0,0.20464864061403482,0.6142099290275918,-0.49999000000564464,-0.4387958399545358,-0.3105423996411215,-0.6879168606535256,0.46825680007792897,1.1102566861094176
0.4455696397654896,-1.6996579986575204,0.26605128372885406,-0.36109169487085857,-0.2462041716647535,0.3071408888139044,-0.8453761104790981,0.2502126244103157,-0.3699900000000527,-1.1999900000000527,1.4262658147191019,-0.7579992203829192,-0.6199900000000528,-0.3792275644271362,-0.8858431992720186,1.9586316488068003,-0.25838650838099403,0.33142553628201205,0.0,0.19708686705956327,0.6279053683604893,-0.4999900000000527,-0.4456444559765128,-0.3091488518912436,-0.7211519101362625,0.4647539563465934,1.1344520879160023
-0.6639679090954047,-1.6149918190963775,0.31297488248324074,-0.16613673037502177,0.5426871781821349,0.602789369840647,0.5608334771250059,0.29470009448433243,-0.16820337366558047,-0.8998349878022751,0.709018035359694,-0.3502600949582062,-0.5470302835612061,0.18181677974294422,-1.19999,1.1784708023368227,-0.8776053273350786,0.4921804770337391,0.0,-0.9419176850813523,-0.19999,-0.49999,1.0419767521303482,-0.4056976819583838,-0.9842995758239051,0.33224185830736375,0.6919455890442382
-0.484062078547598,-1.5119829483076104,0.24179634225045693,-0.028968742728260964,0.28707501056473234,0.43039710498562855,0.8552818729950916,0.31741191267992724,0.009207142752944748,-0.727950974392552,1.9871536846502194,0.04499752842529783,-0.313785670892966,-0.41,-1.1027308718918476,2.2,-0.1430750805433889,-0.2975295891673606,0.0,-0.5305087629175349,0.1349020021230813,-0.5,0.8322219645955127,-0.5945840057737808,-0.20726669354967386,0.5,0.6991801354867874
-0.47672039551541084,-1.514281325822399,0.19167142971407744,-0.063470375443791,0.3318262218761217,0.26417991141431013,0.9033669488760212,0.5662465361101409,0.17196005071029852,-1.1948341867047714,2.193937980508043,0.8999900000000001,-0.46224743367774346,-0.3184143171530846,-1.19999,2.19999,0.8214823438080059,-0.5937081196181729,0.0,-0.4005540131033856,0.333207808241528,-0.4063391461373962,1.111399975667493,-0.3803558138415111,-0.23438496741671908,0.49999,0.4330516210618298
-0.40184948654919317,-1.5080861136004087,0.23025962222089763,0.09978614816812206,0.34387408153430776,-0.0007685285229150449,0.9336984256421433,0.5518028252022211,0.035356290941066605,-0.8764084933692075,1.9126031185587886,0.7558158876320601,-0.3492582217483937,-0.1645503553434834,-1.1945081362098515,2.2,0.4432582035146972,-0.10807776620896425,0.0,-0.5990084788307385,9.995308820597189e-06,-0.5,1.4400140819700809,-0.5538216386525628,-0.14562942705141674,0.49999999999999994,0.4356327715351413
-0.3977943502290042,-1.4857814430384593,0.21092718442353817,0.09332004371513139,0.31587488263771696,-0.0614291288664897,0.9422000265794507,0.58062853064177,0.1038748260371279,-1.0161363268216943,1.9429758248040532,0.7451389451932878,-0.3808960224616477,-0.3227905108455865,-1.1999999999815734,2.2,0.4698850552533665,-0.022248055302930902,0.0,-0.31691606213786844,0.14559413403532076,-0.5,0.9466695261102535,-0.5049828406314885,-0.24041804231399413,0.5,0.269851988399302
-0.38117238140774756,-1.377598305103783,0.23005280649435608,-0.09119930841309179,0.19658707117511132,0.22728238503902642,0.9494097782531726,0.08037355612764484,0.3974307675292466,-0.9017617801291842,2.1826231379236782,0.49681189590510716,-0.3986320757510246,0.050318025446960735,-0.9419136777519903,2.1709420457715236,0.7790263223698577,-0.037731168977399004,0.0,-0.6765406018687817,0.19464531730843737,-0.5,-0.32153531355607307,-0.5934029651345505,-0.026140289420006933,0.5,-0.29082819035662855
-0.19877553103516268,-1.2228721112898746,0.2900558553636355,0.16247770485056756,0.25448177048616183,0.1024217118634484,0.9478131761352987,0.3498006650416382,-0.11919170249361549,-1.2,1.2617538706761422,-0.5226038023850205,-0.5430104757287847,-0.41,-0.8337096499899257,2.13717895906496,-0.07122515898290437,-0.20251662159876363,0.0,-0.3993528995036358,0.41481159386937094,-0.5,-0.43268708065710176,-0.45983150164926395,-0.1111239350536981,0.5,-0.2945434598561587
1.115439997839279,1.2344212096972171,0.20770717769271865,0.341824639180502,0.3225808731426191,-0.6481875886150043,0.5991246500496641,0.33194034447299064,0.008030131313695808,-1.19999,2.1972935895688903,-0.7129176719710333,-0.30547125476902437,-0.13499394764954586,-1.19999,2.1785748908913054,-0.7069845417233016,-0.330529572961095,0.0,-0.606577886092293,0.3573796222413585,-0.4819904835400112,0.7424584798622671,-0.8342047885020066,-0.24172927965753077,0.49999,0.4195541567219583
-0.5330361390406809,1.6242362287711374,0.23548205713904424,0.33865705416621517,-0.2619198885213362,0.051942098775084704,0.9022257976999273,0.4199062751117944,-0.36999,-1.19999,1.253637392487504,-0.0179694391642772,-0.61999,0.36999,-0.7568132830477153,2.199263879010265,0.26091886400379277,0.011678799285105408,0.0,-0.29185149440742886,0.2717984095480562,-0.49999,0.12945431700054139,1.265620649181862,-0.2640002263981587,-0.4922624472695107,0.6865237938640661
-0.520936050650077,1.644611702373341,0.2431076298530211,0.3078408541142133,-0.2516607663433743,8.693159533365648e-05,0.9175515569517573,0.3545090361639312,-0.36999,-1.19999,1.2047441779553951,0.12944006738742506,-0.61999,0.36999,-0.6582581471245826,2.19999,0.21218550095085953,-0.17507272376864727,0.0,-0.3898158213434313,0.08693986537632513,-0.49999,0.2825963153090401,1.089778293691443,-0.4489515824547503,-0.4999903160957364,0.8087568478927057
-0.3755106912973925,1.6737606303870256,0.26693796556564164,0.37121408167126696,0.19453499617450745,-0.30534513460614354,0.8550558985263461,0.13201752678895293,0.10047498820912079,-1.2,1.2100164498423884,-0.5398590541693588,-0.5296482439048431,-0.19076911258839807,-1.2,2.1668777550055958,-0.27964511584124074,-0.3498176739332783,0.0,-0.5004302286259028,-0.023912816179754826,-0.4999999999999999,0.5771733580601246,-0.16722847525839918,-0.7415345886578347,0.5,1.1190612565343097
-0.36199573468461255,1.6866707966396761,0.25699779520998955,0.3681976397309832,0.2043672262770921,-0.33484200483955,0.8429385308048093,0.09225628910808778,0.07216109534601962,-1.2,1.2886198153058799,-0.6526457669325875,-0.5543338605094665,-0.24141177380004186,-1.2,2.1998536473024526,-0.49582152018351006,-0.29097701946353194,0.0,-0.5897150357532677,-0.11479125140287295,-0.49999999999999994,0.637694428371489,-0.25569262320834935,-0.7423123158839602,0.5,1.1606322520445864
0.553974523425149,1.5033113262995605,0.2611679208576291,0.01844043895823,-0.4105248453338112,-0.8257990999073507,0.3862449328688819,0.1628029955049921,-0.33426519804937965,-1.199990000000513,1.5491367469061332,-0.12100325575637977,-0.5892055915611495,0.36999000000051313,-0.701080870286377,1.7356386250297016,-0.07474247251763311,-0.6152764486600336,0.0,-0.6997765442217382,-0.19999000000051315,-0.49999000000051314,0.4177438782511133,0.21318439211763993,-1.1420737804637606,0.49999043871476295,0.7490389308082316
0.59113506653875,0.8130396404543622,0.2901824222049002,-0.17975547624339291,0.410910562859314,-0.8425316077928888,-0.2982967783283684,0.3740720156197794,0.06202381754424565,-1.19999,1.6915020760169042,-0.6703928904550756,-0.2322457626434562,0.11949450406008773,-1.0048345724598957,1.9593767266415716,-0.40749566494374095,0.2728448635999971,0.0,0.5986348088353688,0.6130587955498834,-0.15650739105296851,1.5682737193106993,-0.8585489321170003,0.05021067446017613,0.49999,0.08514951478224522
0.23205107546701545,1.3938858273457229,0.25521708528871373,0.11282940203891434,-0.35053127173562354,-0.6761195815911691,0.638168994044626,0.3875296857619648,0.40998999999999997,-1.19999,2.19999,-0.56844329313657,-0.61999,0.36999,-0.9019817683110899,2.19999,0.14396683361165805,-0.34281232730339534,0.0,-0.5804711502471918,-0.13795848747694364,-0.49999,0.42020837270015476,0.4580524990223763,-0.9357877744767149,0.4971161227279035,1.031453797531672
0.18615233723520747,1.4570916608549425,0.19467061792808715,0.0611652456499366,-0.512156489905806,-0.6838768856360047,0.5160106082870253,0.5278675083857864,-0.25184120715461566,-1.157968955550411,1.5155244150896865,0.39072238905061696,-0.6199900000056447,0.36999000000564464,-0.6553074337019482,2.199990000005645,0.06258438175576037,0.11248402731735506,0.0,-0.38896819469138705,-0.19999000000564465,-0.49999000000564464,0.10541306171894822,1.180279989708533,-0.5796546978072258,-0.1628661294546349,-0.09733088276231891
0.22858225363670046,1.3315285364434402,0.2462177315230405,-0.3169454702717653,0.20789157073119374,-0.9154108417271707,0.13546089672477238,0.5032792277541296,-0.369990000000056,-1.1999900000000558,1.7274983858651658,-0.1641502476310333,-0.29750607859598316,-0.01195675077022981,-1.1999900000000558,2.199990000000056,-0.5756991701109503,0.1993587077138759,0.0,0.5987572413111467,0.4103588032637121,-0.24758689007413082,1.4567886860247952,-0.46782153380066643,-0.4454437452153807,0.499990000000056,-0.23006969428700194
0.2792990001222067,1.371235791135786,0.1947063906745191,-0.4609714289492562,0.23892217768543023,-0.8263870126017275,0.21795880368942225,0.6199900006544504,-0.3093404024586901,-1.1164949269572277,1.7241369200664762,0.06789757171986861,-0.5170050971618635,0.05681156021189223,-1.199990000683009,2.1598110954009244,-0.18440658426708384,0.3166150875981105,0.0,1.4076357710700664,0.5182484848700196,0.4209320762008251,-0.35318043704435714,-0.2766367463630697,0.04723130717839716,0.4999900006830092,-0.3207479940162631
-0.0831451680856689,-1.5551157460186396,0.2532542332342138,0.22619252870586642,0.3844084931312303,0.8300317659640218,0.33483476201982004,0.09044682503167785,-0.36999000006209115,-1.1999900000620911,1.1885844410574535,-0.09619044814266929,-0.254871799741925,0.35237222442929655,-0.5221549973000797,1.4922690690671312,-0.2327694167970914,-0.4522567895314256,0.0,-1.1001098831500389,-0.19999000006209117,-0.49999000006209116,0.3610173563205422,1.3872259519871644,-1.4999903406696413,-0.3487547651736872,0.44852538789551616
-0.059916853153604274,-1.460655245192512,0.26470462230775543,0.0568262277433401,0.5897400863218165,0.5591572946708363,0.5799314875414071,0.00602284449359405,-0.36999000068300225,-0.9861331023125064,1.035826838306042,-0.7620111305799335,-0.12443599734375019,-0.2406309694358446,-1.1999900006756459,2.1999900006822766,-0.6779505527537467,-0.1946760953468795,0.0,-1.3729499196323702,-0.19999000068300227,-0.49999000068300226,0.8185441323939506,0.8202523937036723,-1.4999899997595432,-0.4379020284062327,0.468381296626915
1.1172510893417733,0.7220196780700934,0.244966495404469,0.3385832367341346,-0.21516644030037024,0.642264026180894,0.6531169232572466,0.2675420360314778,-0.03630526235244361,-1.19999,2.19999,-0.3342370299829619,-0.22340007626467506,-0.11984809260906958,-1.19999,1.8919454570510719,-0.2812433136873774,-0.5001379633757692,0.0,0.6742308653180283,0.05243000101036373,-0.49999,1.1864651721834565,0.8734932677080058,-0.40804727350516623,-0.052928845060153766,1.3309510784832663
1.0495123788065774,0.77229492592833,0.21474827188069334,0.30163545426598276,-0.28769503220992326,0.6679916416809165,0.6164696162958234,0.2913224791416351,0.06375951143321408,-1.19999,2.145006561948227,-0.26080510489001585,-0.22306479386456632,-0.357870925645083,-1.0404184613929979,2.09942880859651,-0.39782225126689535,-0.35865296133343916,0.0,0.9237310149554288,-0.0721116016078542,-0.2875309661944543,1.2601648089635211,1.070583740031109,-0.21835946732259315,0.1184927782572458,1.1893473420174836
0.9954455342825995,0.799954632026794,0.2302174542227236,0.16487618917488864,-0.3501404020859648,0.7783507624069856,0.4943557744486358,-0.08293242636230949,0.4099900000000042,-1.199990000000004,2.1999900000000046,-0.4593697777949927,-0.16811203875908154,-0.39119518983563856,-0.6558912774244594,2.1713750587218636,-0.6387749002912168,0.10126208497558337,0.0,0.9106442719274612,0.29518587286719605,0.018010229612701496,1.2642718544223752,1.0597779251336465,-0.3875454801993462,0.013486280398783813,0.8428623389601337
-1.063818412307203,1.3215749097325602,0.30961438587890383,-0.036964006273393406,0.550227924204626,0.4870544164860302,0.6772450731065839,0.38168871643835706,-0.37,-0.9804489623799583,0.8796344407419743,-0.5247132649300995,-0.5967956409139551,-0.15374725460906144,-1.2,1.520766641731342,-0.9,0.3804465148338329,0.0,0.0911656300691629,1.1093276240869137,-0.31083678112185464,0.5535175660094532,-0.6979357771192951,-0.8344596133434765,0.5,0.9337233143152786
0.610960617110024,-0.4345956870246916,0.2942340522424942,-0.48731616765445085,0.4473924541957303,0.7496676610780766,0.01900901378364163,0.08150128213048691,-0.3699900006830022,-1.1999900002248385,1.0731714290413712,-0.1302427884733032,-0.3351444366159522,-0.39584392192054324,-1.199990000683002,1.3213062688216655,-0.8999900006830023,-0.08154720978392438,0.0,0.09020907481355993,0.6175547880994919,-0.4999900006830022,0.5494139614596284,-0.2078962102407131,-1.1178797919553563,0.4895709025924637,1.0407681325325735
-1.0543058061551098,0.9483268845103452,0.31015254042129736,0.5137028737407359,0.19395678495072347,0.7350894080518607,0.39766026360708073,0.35119709146239364,-0.15662190297629344,-0.5414020647088601,1.9477720719686742,0.22858872207951386,-0.3887653924083777,-0.2325972289669318,-1.161461067497805,1.398843876181719,-0.1726000004045496,-0.024221778572037733,0.0,-1.0921893774853935,0.30003320159453056,-0.5,-0.4699291855599657,1.3286818425558369,-0.4055577216970391,-0.5,1.222600520968089
-0.8813922638902503,1.465305256350461,0.3056589071468324,-0.38023250015783644,0.3101175140803603,-0.0012958538797471035,-0.8713487786455323,0.5031765720535961,-0.24795649997285563,-0.3995587930848244,1.4138567855858442,-0.19162812562551618,-0.3388160424198357,-0.41,-1.2,2.0101397817636846,-0.7617865374223504,-0.3278296350029412,0.0,-0.627229416907981,0.32959551612942983,-0.5,0.8444374611086124,0.9023874881437043,-0.6530868331568247,-0.2884281651584412,1.1444944922495466
-0.8767903587627736,1.4268959002959551,0.3092213787155567,-0.4773985021963276,0.21924465801959095,0.17307334920960551,-0.8331074755539924,0.62,-0.32505752326718923,-0.1327991754651282,1.0856948530895563,-0.12574664824585752,-0.4045889102350913,-0.4099999999999999,-1.2,2.2,-0.9,-0.7986684408935967,0.0,-0.38669073579340413,0.882408816016169,-0.5,0.8182886922482062,-0.15238276540770454,-0.9713891383336741,0.49999881536395835,1.1586323899477131
-0.8545980150760261,1.3050004426043245,0.3181173251505144,-0.5709019759815198,-0.14311786977951116,0.5665643379604817,-0.5767088174473939,0.2126356772398768,-0.3695601596127991,-1.1994611411621925,0.9458350423081968,0.04387072965785191,0.06310960961063747,-0.4099900000005131,-1.199990000000513,1.416238279204186,-0.8999900000005132,0.22707447331675681,0.0,0.5096153737050158,0.5846872193630798,-0.49999000000051314,0.8871296889048651,-0.580441271099122,-0.8013520269967745,0.42581348393046986,1.0448911000312036
-0.8541931332142141,1.2853241185830109,0.3162823752167658,-0.5735775517914075,-0.15940220125114224,0.5938710646213676,-0.5412179680339048,0.11271165462791571,-0.36999000000053134,-1.1999900000005306,0.7896136513856923,-0.04182353494753097,0.0623365698522426,-0.40999000000053426,-1.1975233694396725,1.328791462658233,-0.8999900000005344,0.27393895931864465,0.0,0.5252100193657844,0.40317001544273595,-0.4999900000005343,0.9103944009651272,-0.5763723771557697,-0.811505799825425,0.40448682053965784,0.9745836798751243
1.0739072039912883,0.02555988698346696,0.30265690057788447,-0.06221551807088526,-0.441452360407616,-0.8866587247970753,0.12282242687286964,0.5475205452062327,-0.11083899501711345,-0.2305571323686096,2.0277574284378606,-0.24159048219252222,-0.2115846527053972,-0.40998999999999997,-1.19999,2.19999,-0.7839363922411318,-0.14678698324088588,0.0,-0.21804708219376295,0.44193337019337064,-0.49999,0.950708672330165,0.38239843549654057,-0.9477496231949148,0.2522095002796482,1.385574725663864
0.5311202968417155,0.4202785326789682,0.2615263848518803,0.30480095807970886,-0.2340840002156304,-0.9200221688155104,0.07655237216927603,0.2849774825856991,-0.36999,-1.19999,1.7548421912254415,-0.8957700508410354,-0.35200674999360654,-0.24014523559772774,-0.2670811741147166,1.5719947680991617,-0.20978916845496354,0.47038604662317607,0.0,0.024327661711964193,0.24198893446268638,-0.49999,0.8257146203417778,-0.25130630218068134,-0.7202401922997407,0.3235111111877786,1.361278599995778
-1.0715263062749847,-1.13526073654173,0.3015767276170532,0.434652044145497,-0.11332305728848112,0.2990089506717665,0.841919908676058,0.41483244850174644,-0.32351853739429043,-0.3274350820293339,1.9174330705692684,-0.7877360152933051,-0.3162750226969237,-0.23050478668622376,-1.19999,2.0035690906858687,-0.8058938639639838,-0.3833924075800027,0.0,-0.1867433607028601,0.5075508432982175,-0.49999000000000005,0.9190635778080017,0.6038569063876656,-0.8902901515606444,-0.0167823133752127,1.2784787989696618
-0.3211159849315805,-0.3725122970281419,0.26166469770137946,0.2223726536391021,0.3707920386584891,0.1382867430272373,0.8910333572228957,0.34469941768563256,-0.36999000000051313,-1.199990000000513,1.8304720232829839,-0.8999900000005132,-0.34530931664049364,-0.4099900000005131,-0.7110829908632965,2.0413313371627746,-0.5901581240095172,0.24877858226641653,0.0,-1.1684641457028935,-0.19999000000051315,-0.49999000000051314,0.5400979183471866,-0.187953617375807,-0.8607820512080087,0.48283151683688375,1.0809272333151425
-0.33708361235128326,-0.3417174276285818,0.2553998466088172,0.16740822711105208,0.3935309884743922,0.14650908045439195,0.8919881927191137,0.2557846479251341,-0.36999,-1.19999,1.7084028885504494,-0.8999900000000001,-0.2355713350262237,-0.40998999999999997,-0.6474494992045925,1.7748578235381303,-0.6223225909443664,0.4011720630493484,0.0,-0.6886384143781992,0.26665892447247364,-0.49999,0.5848565184157309,-0.011178817775892701,-0.9445466080238156,0.4082811792148675,1.1554615764900449
-0.6402852724391475,-0.3901690673343679,0.25532550643185253,-0.34113149496771494,0.13168580154467122,-0.2694092304345708,-0.8909022501763486,0.5626930078457629,0.1781563473198983,-0.7056319647654096,2.008430431792709,-0.5955704098795218,0.312288242135784,-0.40998999999999997,-1.19999,2.19999,-0.2746881386466628,-0.28137038376277745,0.0,-0.025891091818006938,0.43291531328099686,-0.49999,1.3895924447705346,0.5524640424041417,-0.6220685742446964,-0.10304246849353356,1.3319217093066937
1.0028744606556532,-1.1668380836530725,0.26376172682896976,-0.04942484024191313,-0.5124420211149298,-0.5435622626018809,-0.6629482836826954,0.2387790375722624,-0.3699900006830159,-1.1999900006830158,1.63659692929774,-0.5543380762206618,-0.290308018369281,-0.2897452599444535,-0.558817343775262,1.6289876370606984,-0.24250664038546643,-0.10276892103047804,0.0,-0.8141351872441321,-0.19999000068301595,-0.4999900006830159,1.4078878901788174,-0.5511832166429768,-0.7979766001282655,0.4973363739739215,0.7087497586895946
-0.15232576107085097,-1.4090658956004287,0.3000690155049277,-0.369543177383618,0.0964263163648076,0.14809092420646566,-0.9122548348620625,0.5979169647665776,-0.1568723252585817,-0.16225594371678542,2.0444207878511107,-0.1340801914135475,0.13041845971699373,-0.41,-1.2,2.2,-0.7151973760148652,-0.3278789826252914,0.0,0.11866818003231291,0.9187869094130885,-0.5,0.6393521978256209,1.3339909884009646,-1.5,-0.034208627964977534,1.3513272187040468
-0.0024341273057352686,-1.5581447599404512,0.21759475479637155,-0.37300660494238197,-0.11891486035680457,-0.8325720864973499,0.391853351958522,0.10909862563543195,0.22702003750430202,-1.19999,1.6439429142460436,-0.23930436395794052,-0.20370689508115128,-0.008829035805147496,-1.19999,2.19999,-0.4252026631961934,0.29589966710615434,0.0,0.8110570272203533,0.19123645282832052,-0.04571824066623656,1.4959734890352756,0.6736444554986354,-0.2342434809554385,0.22846874371934614,1.2383317548366815
1.0341175140233603,0.05428992472913364,0.26475464043560265,-0.23266854058959788,-0.2864498480232278,-0.8685497471947685,-0.33080684913598923,0.5309045211126122,0.40998999999999997,-0.7665017622640954,0.5306011260474803,-0.29770425415321433,-0.4341784362017283,0.36999,-1.19999,2.19999,-0.527526956659988,-0.25154404527662616,0.0,-1.5991823857749896,-0.19999,-0.49999,0.6567568781433679,0.21379906558109554,-0.7615489006885316,-0.003422749521648273,1.4012403229397385
-0.034065241860631056,-0.8399734244018096,0.28140881630640396,-0.2502008848880722,-0.35465991814742526,-0.8837444022121415,0.1749619707810598,0.503292042177672,-0.14952416731426213,-0.6395531715553511,1.9137776901163712,-0.4914941475552569,-0.32999085977479803,-0.41,-1.2,2.2,-0.7113505988761127,-0.41478897458442104,0.0,-0.864945583689303,0.07053703640306005,-0.5,0.6957872344010212,0.8209594988013296,-0.644502032047442,-0.1403735351245724,1.3460221240698127
-0.11539302169411855,-0.8957575552786805,0.2856876061233663,-0.17281093046284557,-0.39906724421699785,-0.9004506078456268,-0.008391646802535735,0.6199900000000043,-0.1780706917659872,-0.23784532751590945,2.0286717774429865,-0.23520885575145242,-0.015145263983759523,-0.4099900000000042,-1.199990000000004,2.1999900000000046,-0.7226818232536313,-0.4898296430273899,0.0,-0.46901362059584834,0.26187081089471037,-0.4999900000000042,1.4087580923524072,0.5091365677803753,-1.2331713673903784,0.28859727407523833,1.1906104695364135
-0.6638155702012061,-0.32789472596256225,0.2933867913858946,0.07907759810385005,0.4636710818547756,-0.7284605776914682,0.4980974283000867,0.6199900006830091,0.3087884202210582,-0.7795530216330019,1.7579741876767472,-0.06526028438291448,0.02811105889993183,0.3699900006830091,-1.199990000683009,0.9672443396056294,-0.5410362731729597,-0.43960737690378504,0.0,0.22687120369297503,1.0338610863101558,-0.4802967120536856,1.1302681932585996,-0.4100968378966092,-0.3547310251086989,0.4999900006830091,0.13446635000570967
-0.7721610817417148,0.10019015572537505,0.23097069018482705,-0.5516889805420584,-0.09265989859546579,0.7818739416959611,0.2751845766709388,0.6199900004642563,0.4099900006830022,-0.8821614504049548,1.5013598502625276,-0.14556755535319113,-0.29283631088851336,0.3699900006830022,-1.199990000683002,1.3443162771231199,-0.7737428402413831,-0.004895656247122574,0.0,-0.05415430376328577,1.1340702100828373,-0.46506248587483195,0.5573560796992354,-0.757833235237929,0.19999000068300218,0.4999900006830022,1.046200600765273
-0.777203038072023,0.10413959713208494,0.2709940235638122,-0.5954373799683811,0.11472305844606837,0.7939498548057379,0.044006527369453964,0.6199900000056446,-0.3699661412307304,-1.1999900000056445,0.9189591555446794,-0.4693570773997944,-0.6199900000056446,0.3699900000056446,-1.1999900000056445,1.0383281428376756,-0.8999900000056447,-0.7515701907946704,0.0,-0.08784463800283565,1.1449310437853766,-0.4149080406177733,0.6524910468048851,-0.9040928953423406,0.1999900000056446,0.4999900000056446,0.8903770798927467
-0.9609234453971335,0.6604906618693968,0.2355661461717502,-0.24948587634804173,0.5005352216719503,0.1613155840645944,0.8131411757539763,0.6199900000056446,-0.19763930086103637,-1.1999900000056445,1.811581928528506,-0.631889453619928,-0.6199900000056446,0.3699900000056446,-1.1999900000056445,1.2490166958806304,-0.7163442146709695,-0.06542853164839874,0.0,-0.48355887458721925,0.611457834850173,-0.47466351971573334,0.7120588860564319,-0.514032968046945,-0.23802886026244047,0.4999900000056446,0.3940717934395334
-0.06891736524364885,-1.7174695885784634,0.2685649908321,0.1445342633998921,0.41097194950327226,-0.8948491203619698,0.09724687764828138,0.19867554989507746,-0.36999,-1.19999,1.985109723364352,-0.3312561719135569,-0.5211022817921852,-0.26578304858667123,-0.7416847637059293,1.9448868956096943,0.10623327467019993,0.21018922254323205,0.0,-0.543027762284348,0.6070303650854237,-0.32705855861210964,1.2752925564528519,-1.2830458512928857,0.19999,0.49999,0.739138748046055
-0.025148143181855025,-1.6807035478056396,0.2386958157139552,0.491255403910749,0.26111572611406497,-0.8266153650838951,-0.08481594137679385,0.62,0.08192233529252248,-1.2,2.1147214060559656,-0.6960306769215517,-0.62,0.37000000000000005,-1.1586935243385807,1.2371399359730455,-0.4469127464671766,0.5660972785199773,0.0,-0.8349355225691817,0.2953032726366748,-0.5,0.9203431289981865,-0.8968065645408148,-0.14395494816507753,0.49999999999999994,0.9801136830871561
0.025976856770352486,-1.6890497395733903,0.24114197790369027,0.6148563171134704,0.1716566170466749,-0.7655562100228127,0.08005875608113729,0.61999,0.06457144958244164,-1.19999,1.0025890522380225,-0.6942266882019203,-0.61999,0.36999,-1.19999,0.653250011064969,-0.4980435933291781,0.13470924300105938,0.0,-0.8718788801512801,0.3137264069037398,-0.48925293354784416,0.7692944529567296,-1.0974351916943326,-0.22294552354000216,0.4999901600965745,0.8907824685279474
0.05764089469899847,-1.6817712909956517,0.2705100980050134,0.583750175731912,0.16593277142585783,-0.7861570626556568,0.11687224023062952,0.6199909090917317,-0.026318828474055377,-1.1999909090917316,0.8447523471452276,-0.6941454299174465,-0.6199909090917317,0.36999090909173166,-1.1999909090917316,0.5359511088547056,-0.2840733708693358,-0.36310082383145187,0.0,-0.4788192483065165,0.6995861564026782,-0.49600758097788367,0.6617926188953115,-1.3981245498307195,0.1407473145927529,0.49999090909173166,0.7969121597766358
0.06601089438813054,-1.67933121531545,0.2758356906031695,0.572359220211938,0.16876880539619038,-0.7927745213222062,0.12421985230176556,0.62,-0.009823030277018946,-1.2,0.8054041325827045,-0.6653230380732211,-0.62,0.37,-1.2,0.5359573557060473,-0.25221278770009176,-0.4487156471488673,0.0,-0.4065239368476999,0.7897025095803837,-0.5,0.659485510698203,-1.4558656173692943,0.199999999995285,0.5,0.7813616881821617
0.07247112772208913,-1.6763666986466599,0.2830508279441928,0.5666105250529007,0.1662531738485439,-0.7969927223015891,0.1269448529199399,0.62,-0.017410715593585147,-1.2,0.7586157521491413,-0.6347489263134348,-0.62,0.37,-1.2,0.5132235068045847,-0.22554193124278807,-0.5387796029114462,0.0,-0.33325368030768326,0.8785976652450206,-0.5,0.6819779246695797,-1.4519128018439076,0.2,0.5,0.7323090446353882
0.07797256222270846,-1.6726385448698025,0.29021891508593534,0.5642238162867171,0.15797392854304262,-0.8002711345069001,0.12752189737676828,0.62,-0.04656898996106993,-1.2,0.713426791794586,-0.5971411571634606,-0.62,0.37,-1.2,0.46970629608737197,-0.19309173660519105,-0.6295620416142018,0.0,-0.23616239526215818,0.9832632636230836,-0.5,0.7134469825178644,-1.4161187407424076,0.2,0.5,0.6614120406577942
0.08425370912685022,-1.669214480280595,0.29149000925626445,0.558256180188039,0.14989940391310616,-0.8057316782183934,0.12913817678644782,0.62,-0.07464758935772019,-1.2,0.6749754003124953,-0.5513894862913683,-0.62,0.37,-1.2,0.4269828270163799,-0.1544290087201945,-0.672589568971907,0.0,-0.18438605811406464,1.0514890567661521,-0.5,0.7303912863877924,-1.3380865202590866,0.2,0.5,0.5917518260758026
0.08952582324357025,-1.6667476419266827,0.2960050954818538,0.5502613146961768,0.1450596730905855,-0.8120946113063906,0.12912210917891262,0.6199900075130946,-0.08980003103373609,-1.1999900075130945,0.6633140042949818,-0.5372959805022345,-0.6199900075130946,0.3699900075130946,-1.1999900075130945,0.4112402513508366,-0.14347238575969945,-0.710536432635265,0.0,-0.21647336572056255,1.06826621372033,-0.4917504785074837,0.7378702590538188,-1.2820726451189832,0.1999900075130946,0.4999900075130946,0.5794693540540062
0.09440883417540329,-1.6641425530713196,0.3007856462014664,0.5428607476269953,0.14105097087660778,-0.8179057274545741,0.1282070719485885,0.6199900006830091,-0.10391630595242062,-1.199990000683009,0.6571026318764694,-0.5260718422191275,-0.6199900006830091,0.3699900006830091,-1.199990000683009,0.39912163007777024,-0.13420262403880032,-0.7532535538313587,0.0,-0.2700480156898152,1.0718319735363822,-0.4794832029206606,0.7548960073596426,-1.219171597823085,0.19999000068300912,0.4999900006830091,0.5780357094010686
0.09883765394993659,-1.6610962090012318,0.303537301719958,0.5375988214722077,0.13778469669432383,-0.8226874851026277,0.12324036012630382,0.6199900000060431,-0.12277990276437321,-1.1999900000060428,0.6563787741303884,-0.5150673038378573,-0.6199900000060431,0.36999000000604304,-1.1999900000060428,0.3850319606281986,-0.12342866988588931,-0.7732978436252268,0.0,-0.32228600185619033,1.0607127023664802,-0.46119063007977357,0.7861806981586316,-1.1352847968012307,0.18505369006894698,0.49999000000604304,0.5858108219672291
0.10011788742991236,-1.6597948224756285,0.3090428371192633,0.5371735125110866,0.14667300354489093,-0.8226862833099676,0.11453788343275159,0.61999,-0.15460590358047657,-1.19999,0.6798757342386361,-0.48890408191914875,-0.61999,0.36999,-1.19999,0.35686979712991435,-0.06542071006909336,-0.7738673888924167,0.0,-0.36824969200501667,0.9733676066581017,-0.38591003209681757,0.8266834607160475,-0.8286945873029173,-0.014723129205244462,0.49999,0.608329788551563
0.10205233007098881,-1.6589847646595746,0.31388885600103467,0.535998596911741,0.1498106113506565,-0.8246156541406553,0.10134746065673378,0.61999,-0.17155382516751028,-1.19999,0.7140591363153229,-0.49184798631554444,-0.61999,0.36999,-1.19999,0.3421664494738168,-0.01749904708199351,-0.7920238669442471,0.0,-0.36454973858199324,0.9848247502424159,-0.324060160293085,0.8470473824328282,-0.6548871108819927,-0.1417253685617051,0.49999,0.6116228570167426
0.10463437641567934,-1.6575864815697832,0.3185330937022683,0.5312707690281865,0.1583438005739158,-0.8265394394533064,0.09752520609678983,0.61999,-0.17660858626677997,-1.19999,0.7286860034123781,-0.4901519226392217,-0.61999,0.36999,-1.19999,0.3438967131939434,0.00931938960915275,-0.7999899993238049,0.0,-0.3607409273518798,1.0056930396857546,-0.3041252058405813,0.9031413066426618,-0.5883014428133054,-0.17203593555702007,0.49999,0.6243336423894739
