-0.05111000130026283,0.93109276178601,0.3454658685072477,0.013222965270065602,-0.3419492444490363,0.535957461339479,-0.7717807117599792,0.044415152805073854,0.41,-0.2341403232085973,1.1164092102512682,-0.8999997966627628,-0.06964105223317572,0.3483046104880142,-1.2,0.2330269763602966,-0.05051422723776533,-0.26127461838441934,0.0,-0.5850721918734654,0.42983148406332117,-0.5,0.6783608645323709,0.707058738863774,-0.455754726902462,-0.053944082172706534,-0.24590650770800254
-0.0038296510288882476,0.28091138445184805,0.2909055523975486,-0.442720157250802,-0.2554827445948269,0.6841341199019834,-0.5202767874545798,0.3976836210346705,-0.36999,-1.19999,1.218860895998918,-0.8248194716450205,-0.3953074527372514,-0.16023020989475312,-0.2606546341384992,0.449671880812997,0.044273855892809126,0.6772010474428585,0.0,-1.259868661452294,-0.19999,-0.49999,0.7689758795282178,-0.5442132580654215,-0.7245296301636802,0.334500257502889,1.1590653385373082
0.04567453997182327,0.23386933520849967,0.3883160743006071,-0.2635594828374824,-0.26579192189106476,0.6377494361280417,-0.6731765815759322,0.2168501622608034,-0.33822440475272497,-0.7172151649643869,0.3625387849571807,-0.32144780166308795,-0.16929370915104883,-0.01676820309210037,-1.164781735697057,1.048937140489156,-0.16902085664530792,-0.014509902262440397,0.0,0.3358651473279549,0.7874889959807104,-0.5,0.8881354881781462,-0.08448093895295249,-0.45709122963495963,0.5,0.6022226012009171
0.10710977101251688,-0.9637754151718645,0.27279249624042073,-0.40574299527162094,-0.026076645783441627,0.5835303865731816,-0.7029828719666292,0.1859470032039623,-0.360646380364997,-1.19999,1.6194981053899156,-0.6481220880526443,-0.3379076087223095,-0.40998999999999997,-0.6170874704013426,1.7907308657408996,0.21932650795907194,0.6830557899323474,0.0,-0.2621312385369862,0.23630599741457772,-0.49999,0.38473941648099624,0.30805265988424935,-0.9859404919794288,0.32803243859476744,1.0980373584786352
0.1829331192448604,-0.9461578423684104,0.3583487469957367,-0.15634019412952346,-0.17824728767886724,0.6970611168820752,-0.6766767673459632,0.16485752839573914,-0.21528301693946203,-1.2,1.3588270245225733,-0.5580668310870681,-0.24814184838159536,-0.10775579195550697,-0.2732452606215174,0.9820507545232221,-0.02725141396785398,0.12474935293984132,0.0,-0.3644502011950626,0.11300093102061691,-0.5,0.3321763749516278,0.07802589928976283,-0.417020771531204,0.49999999999999994,0.8269297170051698
0.3160365026067357,-0.7071676384047588,0.2872885649656124,0.26238310165420503,-0.08070362602518662,-0.8380493509268028,0.4715032535665816,0.31247842072552434,-0.37,-1.2,1.8258338727728953,-0.643784300068985,-0.3842010342885345,-0.12389076486181581,-0.39467018577654944,1.640224717239964,-0.03788989331750222,0.31192961789560386,0.0,0.7598917524298453,0.7258193085215169,0.057286743473065345,-0.08597983730919266,-0.036758003500895364,-0.6204188543191499,0.5,1.1789969070906026
0.31873508932827965,-0.7130967267594769,0.30096457620401845,0.22387078500221433,-0.0552716905059205,-0.8574814654472659,0.45994831042794454,0.24681203933840393,-0.37,-1.2,1.732584782859731,-0.6469472658812325,-0.33609802016384027,-0.08461857234470029,-0.2872333880513847,1.582474376455287,-0.006170779510380711,0.40535977309912824,0.0,1.0328035702113043,0.6814404396690378,0.26413142072162976,-0.014307075792390982,0.0105865034823782,-0.6028607507157367,0.5,1.1851474577581464
0.32033188550534236,-0.7137312195636382,0.3028137358844354,0.20070934793366169,-0.04215642127655804,-0.8639960517869235,0.4598362929280447,0.23784393951383664,-0.37,-1.2,1.7926837376215312,-0.6835168471875702,-0.33988843831399757,-0.052647826767101474,-0.2482362809210998,1.560810436713327,0.015744920594289127,0.44623579712474815,0.0,1.1359302497039494,0.6159804392183378,0.27945665281864474,0.01812663416742831,0.00628002469165731,-0.5932789636498996,0.5,1.1725230254700656
0.33013484011110567,-0.7109277737064132,0.3015709675338363,0.10151735075610578,0.012794556207028004,-0.9012138236621263,0.4211225128952594,0.2113386411374727,-0.16951158022956575,-1.2,1.9552576797494068,-0.7792645018359553,-0.2847272566534361,0.06855285274112251,-0.03292756589164535,1.4917341190373294,-0.009527634986996132,0.49584449576564577,0.0,1.298718913895576,0.3395246668716759,0.025123383987804195,0.15999053716724268,-0.24077044920938628,-0.4771145715610442,0.5,1.0518914518570057
0.3287513262437116,-0.7036943264134832,0.3143327953750337,0.049958361968991546,0.05714126445587394,-0.927104178017732,0.36703798314047226,0.3170832080410314,0.008576902034422807,-1.2,1.9906265553361315,-0.8431581169728798,-0.1364560709663194,0.23589045399017827,0.10975649524373061,1.3279843127385862,-0.10817914924189052,0.5902878188621787,0.0,0.9343685319327217,0.13722298849874398,-0.38249919455203163,0.6132148186663893,-0.6696502459125433,-0.19294114423704706,0.5,0.8422475595035971
0.8569888526176195,-0.9107584244032828,0.33180252025135853,-0.12746596321193127,-0.13562355425479072,0.7547863329380895,-0.6290121392816063,0.2540404192022778,0.08864204825571839,-1.2,1.5831373664994453,-0.6399104495263812,-0.24014467071542614,0.2365771426338844,-1.2,1.6433263831128797,-0.7062656616066317,-0.047001682471833596,0.0,0.21703278755072775,0.191966338726582,-0.5,1.1560758703428418,0.1255876470550593,-0.15172295042469397,0.5,1.0954301604614998
-0.9371973424211174,-0.42134900536983144,0.37865646310844053,0.10099067151513241,-0.23248192869176224,-0.6218711616077989,-0.7409651108245576,0.19948190764796037,-0.28870476535776785,-1.2,1.0290805077582685,-0.2066923939967034,-0.10390483186651825,-0.06488200912380741,-1.2,0.9469163789422785,-0.21270736888645989,-0.05860502337666804,0.0,-0.027692222776059913,0.21601779514276123,-0.49999999999999994,0.8767564037247976,-0.032143782128026425,-0.33096422006590204,0.5,0.8526908460400694
-0.9956343521783986,0.8700654560470162,0.2781939207531838,-0.02280544826559728,0.21142078108913465,0.788739268442641,0.5767768470297961,0.20430599656208767,-0.1486845609963353,-1.2,1.9346258107063092,-0.630754049915907,-0.16457182244957674,-0.3259927600019162,-0.22852241031420029,1.738967054332328,-0.03645634441841991,0.35673931842794976,0.0,0.6160736380090934,0.6193341751862241,-0.43523429865338203,0.8984143429321345,-0.049930526261101,-0.435157005201712,0.5,0.7823689200390387
-1.0041908813013765,0.8743988072874869,0.3033430508037984,-0.017778175262202107,0.18876753793781137,0.7684023884331992,0.6112352432209697,0.08921108012048853,-0.20051726515890864,-1.2,1.7330103674840363,-0.596058276588501,-0.09584270463461707,-0.3486116245920388,-0.15107138701469672,1.6905215888453329,-0.02379546144137933,0.38716944694020317,0.0,0.7619509962293949,0.5909603118493613,-0.38182447576506007,0.9618760062977736,-0.022485568842179893,-0.41029587319921706,0.5,0.6900171193715968
-1.004703265098411,0.8782763142536497,0.3104375551801794,-0.021886674155574035,0.16844897893320596,0.753408705152368,0.6352332154346144,-0.005639194856669275,-0.12350971477751908,-1.2,1.6282426417734808,-0.5881345540405682,-0.05927200545369944,-0.3187477334693109,-0.11652831075602806,1.6624611840170496,-0.013278184979307833,0.3884948539849662,0.0,0.8520479017537562,0.5515352378939531,-0.35396918006371486,0.9999521093220561,-0.007503685323412794,-0.37173811252364153,0.5,0.6153514226275412
-1.0042286025663099,0.8789389028534454,0.310614222709804,-0.03474486390837037,0.15434705349484087,0.7475103623325215,0.6451341253684779,-0.025434757215876926,-0.0549369334844383,-1.2,1.665485816772631,-0.5977245498029734,-0.05969430487219335,-0.2835207567710455,-0.11843368660761527,1.6543294239763784,-0.009429211071912297,0.3580253209653023,0.0,0.8840794533802158,0.5234175232311036,-0.3609953314476704,1.0152579961060875,-0.003911494878190783,-0.33553199073118095,0.5,0.5751658760308258
-1.0068090189475571,0.8787338604826315,0.31148581313922663,-0.04624249500166154,0.1409507817611369,0.7431673344149512,0.6524544595874266,-0.024191183149611075,-0.026918039973343046,-1.2,1.6897357460075833,-0.6161015192518495,-0.055331183161881015,-0.255379129385067,-0.11648180449285611,1.6453099804094913,-0.01212053356995337,0.32078863616183306,0.0,0.9004607243221806,0.4971876413191949,-0.38176223664119086,1.0225825036816336,0.007606167717925391,-0.3032263274149849,0.5,0.5480037216259891
-1.0089755001237233,0.8793614033442051,0.3116380866750694,-0.056305594622534455,0.1275701279103489,0.7376264248785352,0.6606533128654166,-0.019355648291027257,0.004289209814894706,-1.2,1.7190621476602692,-0.6309274318356124,-0.04370125024668401,-0.22447353194746766,-0.10323019341535271,1.6246553918070028,-0.02306784061586052,0.2806292869891189,0.0,0.9039884552406852,0.4682436099396525,-0.4153349751536269,1.0259905251676091,0.028916617835276423,-0.2704941987306592,0.5,0.5216055857442263
-1.0110739505567308,0.880312290491503,0.3117495853785557,-0.0648535915197977,0.11598625604862242,0.7325304866651094,0.6676378405849865,-0.008084102793443057,0.028074766162385807,-1.2,1.7476688394588789,-0.6401411216558456,-0.029365532131781013,-0.19688756723565504,-0.08221165365410366,1.5922602384499351,-0.042544170021392394,0.24608675502654073,0.0,0.8784674733944309,0.44371702260834667,-0.450511734786799,1.0248290237045352,0.058372592726164414,-0.2410613665399695,0.5,0.498870876780114
-1.013696559594893,0.8814643321389491,0.31224012478819185,-0.07243296109332491,0.1074636447124266,0.7272630651210944,0.6740129563465709,0.007792624523138019,0.0379869889563486,-1.2,1.7652993803419212,-0.6513950685619575,-0.015991388779573876,-0.179690892730919,-0.06249442753868678,1.5519021253011294,-0.06377758760637448,0.21903122913529102,0.0,0.8178799328584333,0.4284219154664426,-0.4845464905661981,1.0216543545629941,0.09346139962141362,-0.21523900050506764,0.5,0.4820187604549871
-1.0162360427007247,0.8826099578084626,0.31318536457616103,-0.07959420596580949,0.10283685626922426,0.721635107187643,0.6799500830528764,0.02727573271689699,0.03581880362832546,-1.2,1.7672752522433346,-0.6663662248407454,3.1566173531069955e-05,-0.1681381958583219,-0.051179560257215796,1.5062517631532548,-0.082872708222438,0.19117284964537318,0.0,0.7259512316707327,0.4148308380796436,-0.4999613662264155,1.0203722809630866,0.1307492765380441,-0.19555101356024857,0.5,0.4720451671050235
-1.0190681476408248,0.88308837745041,0.31495390805849466,-0.08613851343978968,0.10096820655992318,0.7159282261948108,0.6854431797778772,0.04941101069982103,0.022496552567725172,-1.2,1.7565989448655828,-0.6773993569513864,0.017814440613471212,-0.16329611564267926,-0.047964632721163226,1.4563042144119445,-0.09733011217393969,0.16262129486338456,0.0,0.6049476344013707,0.3967603021318902,-0.49999990341556605,1.0238011829132618,0.17001755548197545,-0.18423575434338968,0.5,0.46878194440932536
-1.023394990228989,0.8824916438295219,0.3180829147651704,-0.09245014592533297,0.10041062307244533,0.7091596667428051,0.691710376066328,0.06865097439202736,-0.000809306188428385,-1.2,1.7343371848464677,-0.6788161558392524,0.03116766908259329,-0.16777234523227644,-0.050570341129607996,1.4010324232575673,-0.1122882058007943,0.14340298549614516,0.0,0.4572946641475145,0.36768196432591704,-0.4999999997585389,1.0272335974054887,0.21285742174471062,-0.18334273255212769,0.5,0.4726616351832453
-1.029857019967462,0.8798268500714677,0.32394118734492705,-0.09851094161720143,0.1018649872156858,0.6980920721816009,0.7018451235981045,0.08802455964540241,-0.03977203255616522,-1.2,1.690548126717101,-0.6657807396933246,0.031353456895733364,-0.19232571155973663,-0.05572831577963787,1.3215519296780407,-0.13794159808942072,0.15303213383825773,0.0,0.23851382668112553,0.30921053742272886,-0.4999999999999698,1.026889819906522,0.26938258377310464,-0.20021754359613753,0.4975639655611302,0.48664911434154196
-1.0363494573768386,0.8760739592610861,0.3312259261140481,-0.10641633251688476,0.10088223696044574,0.6785443307451705,0.7197749159654706,0.11524816442274588,-0.06698897333784427,-1.2,1.6434628183233666,-0.6402008881712188,0.003005886030325952,-0.22505129739833257,-0.06996224442236564,1.2423210927364239,-0.17076285773540986,0.17143252752871324,0.0,0.051883994280261386,0.24893065750552926,-0.499995182693835,1.0159898097349191,0.3142529404496457,-0.22202049312674113,0.46719493077832996,0.5049078152560611
-1.0430449873534786,0.872207940763186,0.34055498482751523,-0.11703154870700169,0.10063399874295137,0.645271415941661,0.7481986465323816,0.17689262503025038,-0.09558567671760097,-1.2,1.5848952493401594,-0.5948171289744038,-0.060277215019452116,-0.26853275037302327,-0.11171280415505318,1.1508127929364682,-0.22027788203251672,0.19924740363034635,0.0,-0.13026397309162602,0.18736686456256935,-0.4999999999984946,0.975738614819781,0.3594644292738478,-0.2541936829789895,0.40989185199390565,0.5250819309470999
-0.9849049363223542,-1.968797424852508,0.29883899311545786,-0.07259186540644474,0.055269807204293336,-0.5780947183469343,0.8108527400877373,0.43497637316520243,0.017606497904819416,-1.2,2.0759664476512536,-0.9,-0.1507615571669041,-0.06143450505980423,-1.2,2.073509099721611,-0.7838826408813854,0.16652113059194645,0.0,0.2748333391751103,0.3502597457421689,-0.5,1.104977288716666,-0.11400621080334417,-0.45361377013646875,0.5,0.40162352135343393
1.1126463889182996,1.3000252528928318,0.27562533986876137,0.1453948295521162,0.058319131947071806,-0.7281250441437035,0.667302886610856,0.27185153780176813,0.009017492157346124,-1.2,2.042396330038477,-0.9,-0.33742446584435265,-0.2645650563125857,-1.2,2.2,-0.8049656397785725,-0.11457722207369794,0.0,-0.8010396915679694,0.2827603168540441,-0.5,0.38464124638453645,-0.9167837134319221,-0.11931282871791023,0.5,0.32703994621264637
1.115120713916204,1.3522646832376966,0.2823253704186164,0.0863638415267388,0.029778415905037398,-0.7647522302479611,0.6378154585408696,0.2694664488738072,0.016327415749201605,-1.2,1.9334020466118567,-0.9,-0.15522233189621273,-0.14429216305256917,-1.2,2.1618777000597458,-0.9,-0.3370722872828062,0.0,-0.7145630490167338,0.6092193022291054,-0.5,0.38690801917051126,-1.2307930795962305,-0.03902134633892426,0.49999999999999994,0.225526805803866
1.0994483138658966,1.4281174207768097,0.37297119235105397,0.13968825528030793,0.13571507944073208,-0.7969044583305329,0.5718495368906567,0.3791847619697455,0.05575285253321121,-1.2,0.8642157538385973,-0.20198021891037427,-0.24490644936059802,0.36122326639799,-1.1778762818760695,1.0385683308130766,-0.26712849821706575,-0.17904156549992992,0.0,-0.3638447027288569,0.9410574000252298,-0.5,-0.08689170922002577,-0.5688057718952316,-0.8650393306062163,0.5,-0.23044478662764795
-0.3079681518309664,1.7712390581521507,0.2710753912158452,-0.18533225744103088,0.02666710793037907,0.7518393262114434,0.6322012711695262,0.62,-0.3699631614004249,-1.099646495745854,2.199999999892322,0.8219662324881924,-0.62,-0.21346439359718725,-1.2,2.2,-0.5285221257140116,-0.6726267594571541,0.0,0.6425597148031511,1.1901269172018765,-0.49998846547557757,0.5601058508039787,-0.43228629415588377,-1.1202778872007815,0.5,0.36995459493835864
-0.22815385287807688,1.767644744047251,0.32511359219454516,0.057216703698205036,0.1849223862513705,0.4591345198794377,0.8670210219689537,0.43486581207953323,-0.36999999999992295,-0.902937996729335,1.8975661969225504,-0.05588044467288471,-0.14321027794675215,-0.40999999999999803,-1.2,1.9422284490416677,-0.8928107582813516,-0.6536329149932665,0.0,0.556157179287794,0.19932406220103865,-0.45312288268703904,0.4307649076353024,-0.3502496975898687,-0.9210714197758939,0.5,-0.31422820787117456
-0.4355955466257281,1.7426592091189768,0.28195074097161166,0.301203214917926,0.12744424664986864,0.03516494299534195,0.9443505779651368,0.1467757683219512,-0.13028169974976003,-1.2,1.450836225453298,-0.5215644172516403,-0.6199987453334479,-0.41,-0.7084546350732194,2.2,-0.7900229420534094,-0.48397070249410834,0.0,0.015704665296224853,0.388157867984999,-0.5,0.5182222189788995,-0.11971107030668525,-0.7332553962839828,0.5,1.099235701074691
-0.44917737956746107,1.6586182988223483,0.2693552042616472,0.37591426051000715,0.03219982684896075,0.1357118355865882,0.9160971223499341,0.310325369125284,0.03997838174739336,-1.19999,1.1991047310950778,-0.19292634533742017,-0.61999,0.36999,-1.1106807544616006,2.1759608802217345,0.16316439679459832,-0.09165146645210556,0.0,-0.41609559087173065,0.2970535753967114,-0.49999,0.04537391135383043,-0.049990947427783254,-0.7492748033748837,0.2614032080736282,1.5699902532635046
-0.50960830656449,1.6526508031104226,0.254177621498513,0.2999329153104777,-0.21894926853048605,0.02148179143090803,0.9282456553952948,0.29972604824440297,-0.36999,-1.19999,1.1163850945458453,0.3144199409684258,-0.61999,0.36999,-0.7423750686723842,2.194635128515582,0.1645175810935584,-0.25943412872673566,0.0,-0.2972501789098107,0.19330709157800574,-0.49999,0.4155354018270501,0.7205444406734614,-0.658178712371128,-0.1410727081250046,1.1985901591480839
-0.5017378664612974,1.6293638773157244,0.2504586524503637,0.32109143692071024,-0.17440029892220205,-0.016678365701277783,0.9307022386292914,0.401904506867908,-0.3699900000000042,-1.199990000000004,1.1283353163108412,0.3549479156588992,-0.6199900000000043,0.3699900000000042,-0.7115867353604055,2.190157933918836,0.09560641957774112,-0.157822040017599,0.0,-0.2547109360983223,0.2550652587119996,-0.4999900000000042,0.43497571059143686,0.695842794911085,-0.6923176770355299,0.1566036299550534,1.1518185504429868
-0.4919269442088535,1.6289556193858712,0.25920628946298396,0.36274491717076257,-0.1069422134662272,0.09063267934286061,0.9212845409974345,0.07897233669537382,-0.02200296181588767,-1.19999,0.5979226869674011,0.26046513968425644,-0.5728351429443249,0.36999,-1.02950129706975,2.143837376393837,0.17516247651324393,-0.595099690553987,0.0,-0.25552459465379757,0.3472858014502916,-0.49999,0.3098548188584388,0.1482488643541795,-0.8063220160263054,0.3868701779640739,1.0933463465500006
-0.3913365296507858,1.6619165529787434,0.26969929093207035,0.3725534982079153,0.1744900015686521,-0.27898234157844853,0.8677130766636065,0.23440711238558218,0.06698566604444982,-1.2,1.154836734781144,-0.4375742019775416,-0.5312850459358209,-0.0933108452844684,-1.2,2.1719455950250803,-0.08998714875400352,-0.4650632951690376,0.0,-0.40220744320889873,0.06682498445247971,-0.5,0.5375531760075515,-0.1891203540705427,-0.7066131403548022,0.5,1.032333056362255
-0.3464246789464467,1.7085196942789558,0.25529215911140307,0.35711940877070747,0.20844460343372126,-0.38753887135889753,0.8239115233837243,0.12162983426669931,-0.0496833572644983,-1.2,1.3744031803674124,-0.7549890032272485,-0.619999940356324,-0.2527330058467844,-1.2,2.1543385338408494,-0.7078694545701397,-0.2659781339952476,0.0,-0.6695818653065756,-0.18143199247219519,-0.5,0.7004938329681463,-0.39042547796458055,-0.6795260066613802,0.5,1.1202821826112017
0.622948329617677,1.589762585797172,0.3143897248658788,0.16510819703732488,0.14352311943241122,-0.8796092815476978,0.42240727890818264,-0.2660973503551864,0.41,-1.2,1.6136173233393387,-0.7921357872972248,-0.62,0.2036784445389941,-0.6184141042487903,1.9367622340710318,-0.6853191602373072,-0.07801736893727135,0.0,0.14488481176676737,0.31991730306926947,-0.49999999999999994,1.1058737154993996,-0.26365116766232316,-0.1010263378370619,0.5,0.8372113064283969
0.70006958671402,1.6019241959248098,0.2782436691345249,-0.1543354458118935,0.19898595181327597,-0.9130396493854545,0.3208484997582126,-0.13466589008204252,0.41,-1.2,2.2,-0.9,-0.6187709030481383,-0.05089876695404842,-0.44316118008996797,2.1412864341459645,-0.0035533737993516464,0.17194220135823354,0.0,0.4119357842076598,0.8209294463378389,-0.5,1.4060123716909085,0.2663412150472313,-0.17228930317767913,0.5,1.1262298650883098
0.5250871205454453,1.519166985482048,0.29281765544957716,0.25411332728200164,-0.3128273695828638,-0.8901714947153748,0.21250920858572667,0.3802463477022701,-0.3423217230831189,-1.2,1.0776028017794472,-0.13481591173884133,-0.3270628601607691,-0.4099999999999999,-0.9242667918402412,2.2,-0.7778352853825709,-0.5354207432517871,0.0,-0.8376481294252914,-0.2,-0.5,0.9366563344480322,-0.33868183582445865,-0.6566302228201598,0.5,0.8398074354527685
0.5215894113684929,1.304995335461745,0.30104322501493747,0.23900668414072385,-0.050330187909703415,-0.9617554782874261,-0.12397208195861345,0.5727835229605778,0.02392786593589054,-1.0972645654598856,1.8916701560908493,-0.8264054346970534,0.060711431191444884,-0.41,-1.2,1.5687483806973477,-0.883573615143172,-0.20984311349551107,0.0,-0.6531019042649329,-0.11194774223125144,-0.5,1.0039552212085303,-0.3369878564767944,-0.2103459112596205,0.5,0.9608786026266991
0.9385834011560736,1.0096505681746069,0.28090693350862794,-0.15984511298439183,-0.1631454475190488,0.09671396085546316,-0.9687515226230431,0.2195079285573517,0.06651291684302622,-1.2,1.4745965765444586,-0.6434604337106888,-0.5512135020449944,-0.23095495412248182,-0.6263305950756821,1.9935274849346505,0.07805928958462688,0.11753356396988521,0.0,-0.9547608615466457,-0.2,-0.5,0.9438720828940192,0.4703143231856427,-0.5317848361358464,0.5,1.1069927983844619
0.9450518471940906,1.0235771066052486,0.2768863938804991,-0.1334805691957995,-0.13124325530238415,0.1172815753534641,-0.9752964562979856,0.2946954199532967,0.015185904566253301,-1.2,1.6987306598103906,-0.7482149730084166,-0.5442164559991542,-0.30933108331527276,-0.5732453350129241,2.0052315223977226,0.09873182696818252,0.038223037142254675,0.0,-0.9576416113627912,-0.2,-0.5,0.7926171100619296,0.710435661013271,-0.4534046213561716,0.5,1.2034916786642267
0.9264709104832625,1.097357208430927,0.37580232146952636,0.07501237869228447,-0.16567482601339245,0.08354695733653007,-0.9797677791130744,0.22615782801225193,0.08747908363789492,-1.1441755169706964,1.0336295711190997,-0.3161663004743561,-0.12552604984833904,0.21746414895763608,-0.2621993130511476,1.0981454232370929,-0.40937246906998104,0.13489620626998203,0.0,0.265284147403574,0.5761721959127524,-0.5,1.065055450747769,0.14253994061421932,-0.46187574555301864,0.26852061027608376,0.16785032491992244
0.24334269510438228,1.2087889858735588,0.2283644545648425,0.36903155963942247,0.2674607552673986,-0.6502458246412234,0.60783288815146,0.321291267709209,4.329088835610881e-05,-1.2,2.199999999947134,-0.8513147393254022,-0.13848143300830593,-0.13450162792230128,-1.1958952640574514,2.2,-0.7775908863939863,-0.10654453780150924,0.0,-0.669701676060296,0.1374770479966373,-0.5,0.8229506668857866,-0.5919317275811102,-0.12333033092804224,0.5,0.7466406700617382
0.9189938029936857,0.9161762836854684,0.26890302652075576,-0.07548786536601018,-0.1117653232307733,0.9723096259092161,0.19085095249928669,-0.4637365798719692,0.41,-1.2,2.2,-0.8686155902240944,-0.619999999361713,-0.41,-0.4403680622289672,2.0982527231814876,-0.7467526432554595,-0.18002938719753672,0.0,0.24712475781851292,0.42078776556477965,-0.5,1.426337349885442,-0.5551562112951074,-0.3441958456998913,0.5,0.7401785376499407
0.908276723538471,0.9423384516580011,0.2740647491187116,-0.1269105538600343,-0.05164783222667961,0.9496841229169735,0.2816492134280586,-0.18978711027325126,0.41,-1.2,2.1690429117151613,-0.9,-0.62,-0.41,-0.6043740813409558,2.0109375926154045,-0.8392357005203411,-0.06373431614748293,0.0,-0.12569450331665347,0.4072626661625831,-0.5,0.8449880063769803,-0.9675441024652673,-0.05370992248508328,0.5,0.13534660935849777
0.7507039231632378,0.3543722242354833,0.2670102665204637,0.18775480993180788,0.17164870015717015,-0.02335356761664743,0.9668192519604679,0.3174455866539013,-0.37,-1.2,1.8839866083642698,-0.8999990866910859,-0.4600372757488996,-0.3997410012645912,-0.5093774897171535,2.086534089913242,-0.2942268383911872,0.08071260959500524,0.0,-0.9437224657015223,-0.2,-0.5,0.7824273525420586,0.501988883822052,-0.7489685694825969,0.5,1.1546909328020205
0.7494697459073918,0.36949638305276394,0.3239012565773891,0.004690627817603078,0.21718379662565518,0.029564829211021437,0.9756716237380622,-0.08734749383265392,0.1217151222779727,-1.2,1.5539105490246403,-0.7157480803372834,-0.11940419753157543,0.08109951174695317,-0.39035283658073455,1.5115178469642807,-0.18640093519324247,0.12146531454570084,0.0,-0.2525991267813077,0.9282896636381397,-0.5,0.9177446616334984,0.28474623454234954,-0.15675294815293275,0.5,1.2237243068225812
0.6179822358058932,1.9152721867028843,0.259470663029187,0.11939169603168823,-0.37197412154186626,0.8392980953257467,0.37809996430098486,0.01078076919208739,0.4099900000056447,-1.1999900000056447,2.199990000005645,-0.4775052894433666,-0.4254358848996326,-0.10089977355573437,-0.5041692628400372,1.9179517677379119,-0.615402667397672,0.3176139462448367,0.0,0.7753959492411177,0.5570750185994459,0.2684780518810106,1.1411767267706665,0.20523236121410166,-0.15015674525942194,0.4999900000056447,1.2160447320552084
0.603340428366931,1.9185867694084122,0.29173503421340363,0.07943318069860188,-0.43747917951040466,0.8475877281355685,0.28965044521455624,0.23005793991260906,0.4099909090917352,-1.1999909090917351,2.1999909090917353,-0.591786301176367,-0.48951496689698704,0.04887641869061421,-0.19515546068220088,1.7481025476188181,-0.5193091125309863,0.45038748777496795,0.0,0.7047415593153006,0.8012463862680217,0.33109461638008886,1.0564926440775213,0.07286395689423457,-0.14414011724972345,0.4999909090917352,1.0405444490984324
0.5020090837627657,1.7714112968664073,0.30014748441710726,-0.17579904152049658,-0.5166212724828023,0.7623963972123097,-0.3477770713207165,0.3682733408479668,0.17785369309057644,-0.7456612049149055,1.2639094087985228,-0.8650289664820373,0.37464629335966826,0.045628003203313006,-1.199990000000513,1.3270778888183936,-0.695428624400441,-0.1009931351636602,0.0,-0.0600338142451358,1.07079047683557,-0.4411857922849851,0.9220401084424599,0.2697490748602367,-0.24545721603527892,0.49999000000051314,1.1430220862038412
0.5002708918599644,1.7258274947417924,0.3055592852812412,-0.16651288260816152,-0.4992424114977355,0.7636311817920723,-0.37402926714668894,0.13400006879007367,0.10160714897314903,-0.42465840669633625,0.9122703879463177,-0.6572906903488436,0.5162427864246221,-0.003983195619973635,-1.19999,0.8186503056856584,-0.688520299778083,-0.21448987360175345,0.0,-0.17275087414536258,0.9525701663522352,-0.31627565953209735,0.9262869095871337,0.1681419279721527,-0.369353714324383,0.49999,1.1911821136534115
0.8549044653579451,-0.5486092462896153,0.305775694498682,-0.1447233702143455,0.2146931944347584,0.8222720139207527,-0.5067846815955566,0.42819657315130794,-0.20848250670952798,-0.5954087871569017,1.6644254128611449,-0.2745549758272915,0.04822873313639856,-0.41,-1.2,2.144971470388672,-0.8446083845779111,-0.1029960745477192,0.0,-0.07735871010068246,0.4624958932479871,-0.5,0.20690001855666681,0.24569034404105336,-0.6190630789421555,0.4208655568863896,1.4167178672981893
-1.0795024336307057,-1.1468325006997744,0.2872750372993793,0.39384059368016633,-0.15851495403958535,0.2022359174838043,-0.8825322825794907,-0.3464608204061086,0.40998999999999997,-1.19999,2.19999,-0.8907458225501369,-0.61999,0.15267389388975725,-0.6641955309174145,2.0632083687460967,-0.7630545573744569,0.14847482354230082,0.0,-0.37654760360721823,0.7932162956386006,-0.25729046164376446,1.5043494163967905,0.8482022398528822,-0.7639378858802024,0.49999,1.2924196449508605
-1.0577219858854245,-1.055290160706018,0.3935157285638166,0.10826444462031007,-0.20766503808911924,0.19022898662773186,-0.9533975952524147,-0.24624221665384302,-0.23795350163146825,-1.2,1.0188721870963917,0.4483408441935194,-0.4478152581253813,0.37,-0.45325219730922145,1.2147347930268924,-0.558825650735424,0.10634230513504431,0.0,0.35313548225924624,-0.06513887361894849,-0.5,1.1854350109944536,1.1483634002628662,-1.066454679345291,0.10262042934813143,0.8856988281734759
-0.6628572205551182,1.7157741342078139,0.30190187988664796,0.03988337006839812,-0.06543227438468224,-0.5729886997334089,-0.8159729678357317,-0.07845799633864609,0.05032784738390863,-1.2,1.8828615717825103,-0.7302890657114768,-0.3605267254196755,-0.10094017992333836,-0.7658185156967999,2.2,-0.7323477185879115,0.07533167690552652,0.0,0.12753486846717096,0.34873808138668805,-0.5,1.3535674506525046,0.271270532350017,-0.3083464285709957,0.5,1.1398512554745224
-0.8501104696596474,1.3580417766938624,0.3112612856894466,-0.5525884761081844,-0.052802453992328226,0.49747538715155676,-0.6666154184409706,0.3847449494966383,-0.25490395662842324,-0.73097673936723,0.9996993722229327,0.29261543404223467,0.04300817570508312,-0.4099900000005131,-1.199990000000513,1.8212478598863024,-0.8999900000005132,0.04741003636106724,0.0,0.6542103134938659,1.2756475879826805,-0.49999000000051314,0.8721920603476133,-0.3512122977717476,-0.8893657458815374,0.4641849740640787,1.1403956120466006
-0.9763950497147549,-0.008924144010226065,0.30417268197725605,-0.21775113490801454,-0.035815503089387205,0.05918103150501812,-0.9735498438676513,0.44047274755893867,-0.013019911237626561,-0.2940393866117717,1.8312645354845516,-0.11619377010165188,-0.23960469784681457,-0.41,-1.2,2.2,-0.787088582753216,-0.15319857404842316,0.0,-0.1965535340951552,0.33075904208334667,-0.5,1.1051442388696815,0.6732844835655607,-1.0250471702736708,0.5,1.2727937964187135
-0.9748392221532372,0.03716701658182993,0.34014235727077535,0.026396706161652763,-0.25338701988048895,-0.049012241449383265,-0.9657618921079922,0.39315412585608955,0.08535885604001069,-0.9082901652381343,1.443693331469141,-0.4162306211217011,-0.51185354206387,0.1809681851945913,-1.2,1.4421241225494763,-0.6401865175400414,0.021531043178790437,0.0,0.4541429785165235,0.16359221656827433,-0.5,1.1443106281140727,0.3172876181413729,-0.5428764112256681,0.5,0.7560617147736006
0.5318269893206959,0.4150261171415053,0.27621211218964753,0.2549301138697837,-0.1595040996709331,-0.9528033971922119,0.041650516557215606,0.28998783467187184,-0.37,-1.2,1.7924701602277242,-0.9,-0.32458802834273637,-0.231959258854543,-0.23910520838585356,1.5464267032572605,-0.1782053040136327,0.10053976310596219,0.0,0.09473263949780887,0.23714146095391758,-0.5,0.8459099389082442,0.00469918663467434,-0.7871343121416906,0.49999999999999994,1.1615854724975305
-0.502997263282808,-0.011651844316453963,0.39982904171070427,-0.2061720742260185,0.12211165875475626,0.6510209351851521,0.7202454863143213,-0.4753746962174563,-0.37,-0.122859647640414,0.24580672845041318,0.3897837234894644,0.22325107497468483,0.37,-1.2,0.6415858576629422,0.14547812772604216,-0.220990837317468,0.0,0.5579550657730126,1.4436699462285039,0.5,-0.3427155204839373,-0.045476072166995736,-0.700342257071494,0.2573872337125737,0.31175204190675493
-0.9287196866921845,-0.024630148619700795,0.2598119185052876,0.3141570133986495,0.22226915626100963,0.586495350852381,0.7126885691071544,-0.07305138712873258,0.03887434660081129,-1.199990000000004,1.7140012880115483,-0.27149020088255327,-0.286952519091597,0.3699900000000042,-0.6064341344632938,1.7868355744579232,0.3678809850001175,-0.2839546729364088,0.0,-1.0276687315483772,-0.19999000000000425,-0.4999900000000042,0.9141584447959056,0.0846672958310313,-0.9157360321928896,0.4905055255487438,1.0216306929454066
-0.8574146883640323,-0.11164635360305403,0.32381085889160455,0.49547757512981594,0.18964755868405603,0.5314143223465692,0.6604048712975944,0.6199999164531261,-0.37,-0.08194998100680258,1.3540067697197222,-0.23756792802287127,-0.3561524390355387,-0.41,-1.2,2.2,-0.9,-0.6431805116540124,0.0,0.8565661823766468,1.5,-0.5,1.161309611681895,0.36543182404509633,-1.3897293270233382,0.40040904228069746,0.9027161927007891
-0.8247043214683133,-0.09540866753940512,0.3341178279622529,0.4696745433826868,0.27822865951462983,0.3463446321204615,0.7629154816388902,0.46254131030490514,-0.3699999999998993,-0.24311186727927572,1.0965823930303804,0.5062290116091249,-0.6199999999999919,-0.41,-1.2,1.7726321178394373,-0.9,-0.12373901688340373,0.0,0.9341197370212051,1.4075258372089872,-0.4706504952788482,1.1978739408707004,0.401517517095339,-1.2680073445998097,0.5,0.9325647511825063
1.0448155175256835,-0.5295993056185268,0.2821006820708151,-0.07177389397518723,-0.4000235081309652,-0.6580324736756845,-0.6338950738682976,0.06716204442596158,-0.36999,-1.19999,1.6751768312107536,-0.7165526168808487,-0.460396570612577,-0.25546840681516764,-0.4251236685485946,1.8269815349013379,-0.5432073495278645,0.6003906803459458,0.0,-0.4453589775981926,0.4766670090906099,-0.49999,0.6831695339999242,-0.00534235739202741,-0.8260465451153294,0.49999010607283073,1.5699903109048234
1.0320048552437326,-0.5363105782305069,0.30977424002265525,-0.016018387081083225,-0.24263519018344357,-0.6356018553269075,-0.7327222238099224,0.05374967248088101,-0.37,-1.2,1.5853766088592343,-0.6418615863642849,-0.4111123846326881,-0.21179122344639445,-0.4368533706189879,1.793353553953761,-0.5546145490833335,0.27373051519898683,0.0,-0.45544804003530104,0.4313245561407107,-0.5,0.6065946508351886,-0.08957140372902549,-0.3903374380531728,0.5,1.4686662792555398
1.0079304580293442,-0.5532609502736778,0.3456837350257713,0.033691525040750354,-0.1961674177545093,-0.6291797040699783,-0.751342881338721,0.05182623304052632,-0.37,-1.2,1.3539720701495461,-0.4341983926674114,-0.3337855502632161,-0.09703295186517072,-0.4861906908275382,1.7504167123360848,-0.5751648106068916,0.1712308067080734,0.0,-0.22316679104244275,0.5107165605573338,-0.49999999999999994,0.6302577601478498,-0.18872111606664754,-0.3196321321840246,0.5,1.3880767366392746
-0.10370202684455547,-1.557577229898431,0.32073472092796884,0.0003843080294393774,-0.48525859088854617,-0.8542594977280834,0.18645284341506604,0.5985185399434632,-0.20980636956936097,-0.1257707957403751,1.3810515918271773,-0.32559498789001934,-0.5041565097275674,-0.40998999999999997,-1.19999,2.0280617571766446,-0.8999900000000001,-0.42598986064091104,0.0,0.15375017450178677,0.5706726137010193,-0.49999,1.56999,-0.20266457766093973,-1.00735590328602,0.4117961547215507,1.3414828778496557
1.0914030225176405,0.09540000391446765,0.31976446327930347,-0.262196238955633,-0.41979762030997547,-0.7605147556606162,-0.4202860890894147,0.6195605068328967,-0.36999,-0.3463917419665328,1.3573603860360626,0.47288550384349803,-0.1503685915367537,-0.40998999999999997,-1.1923557283637245,2.19999,-0.28733631566164364,-0.0102781823265399,0.0,1.1229269821173546,1.4654553129677623,-0.46319712775888394,1.4290875819311675,0.8449564633537632,-1.1679428532918399,-0.2744237189469315,1.1080613803707824
-0.19944186187024715,-0.9551648105741396,0.287241194358962,0.08000601426243245,-0.16471637720995982,-0.9746837843923253,-0.12829291953698116,0.62,-0.08455547171379645,-0.4480719159103939,2.179399799956126,-0.5577661081872217,0.04277146686463785,-0.41,-1.2,2.2,-0.9,-0.09444380095846193,0.0,0.5489882221280238,0.17430480841132132,-0.5,1.5682642767778991,0.1534704450664931,-0.6123657463419212,0.48501239952912917,1.0350741759559061
-0.6929404369453311,-0.2856583992691928,0.3263185416693777,0.08458979297386165,0.19100813683011536,-0.7369028400175772,0.6429110848036109,0.32801019548913873,0.21516209550841275,-0.1454642846854238,1.2248639923009164,-0.10934552729378298,-0.15477836379594692,0.23362847812524343,-1.2,1.551968416143431,-0.8282445128044431,-0.19235318745072094,0.0,0.3044533982253082,0.4334217886614606,-0.5,0.8871810299511851,0.2989229175687456,-0.40944820654336,0.304742585326664,0.6872268464857606
0.1050257928472298,-1.6589213705567756,0.32469833994472,0.4889197262402293,0.10250009409803978,-0.859017887780925,0.11197991103529256,0.62,-0.17133692157133715,-1.1782241803501785,0.7397836388118219,-0.49264593607659796,-0.62,0.36398691441407083,-1.2,0.36262720214354804,0.06425430839067292,-0.476687317566662,0.0,-0.06303689305741098,0.9003543052522744,-0.5,0.5901853560983172,-0.5019293670132384,-0.2092318674507428,0.5,0.6490759843981369
0.10375658845069495,-1.6622436227703412,0.3293630021560988,0.47334483055348814,0.09833934993623966,-0.869029517658226,0.10517481200896023,0.62,-0.16641784507518093,-1.1303766818601904,0.739787477683163,-0.4996038970834166,-0.62,0.3336850234348288,-1.2,0.3902157504159895,0.11255937635187364,-0.475915015773066,0.0,-0.014764477857163127,0.8476103334907774,-0.5,0.5861310377667118,-0.4357087536600287,-0.24121518108584303,0.5,0.6719040907290419
0.10028034679850122,-1.6660122294205708,0.3366369723701454,0.4523389688894696,0.08725089369513284,-0.8821124450856818,0.09825666897658263,0.62,-0.1530942700298123,-1.039916904994606,0.7255031343918305,-0.5171543674427863,-0.62,0.2920284555612125,-1.2,0.4509820493054424,0.15790024725640775,-0.4783799939651088,0.0,0.06256995612147832,0.7405363314835053,-0.5,0.5893642795456647,-0.3456756084193531,-0.2928459427338857,0.4870750002489447,0.7127333929861784
0.009669747079308656,-0.7199916184163758,0.2987514165370673,-0.13048318274222598,-0.6205310634339284,0.37188708181822294,-0.6779493614656945,0.6199909090917368,-0.05325071926932435,-0.7191568363484353,0.7188970664458125,0.04903350256599335,0.0413700741225033,0.36999090909173676,-1.1999909090917367,0.49995720932783755,-0.6876542616815322,-0.4816061654510564,0.0,-0.024010325990477893,1.0798939699169041,-0.49846660146199495,0.8851318778511433,-0.42319353832267764,-0.3587813267495871,0.49999090909173677,0.3932070973377226
