-0.2287479599894963,1.3155072965115184,0.1478300944730267,-0.5316584023347237,-0.24258877841154047,0.653182075427708,-0.4815009908148031,0.3039559265917462,0.15137698373749645,-1.19999,2.19999,-0.28695966326679345,-0.002077513817473185,-0.058023367797784484,-0.011609644110728713,0.6131991827541997,0.09059310030651466,0.21490034152307833,0.0,-0.8072468040027377,-0.13050384129418635,-0.4999900001692401,0.539070683655615,0.8105640065674287,-0.888447936193913,-0.49998999990608645,-0.36214622305625865
0.03305077149191049,0.7240520776027091,0.19234808049765234,-0.027049179874028453,-0.537374409742012,0.26856228561364304,-0.7989814668492276,0.6199900006830091,0.40999000068300906,-0.4606410736559251,0.9499491412000829,-0.7464314110461301,-0.6199900006830091,0.3699900006830091,-1.199990000683009,1.971007546125979,-0.8999900006830092,0.1373943372089791,0.0,-0.49093210824620065,0.2691358056197915,-0.4747692516401732,0.5117382146260359,0.06368743663133297,-0.8421060243843062,0.3277038498853355,-0.569854299792115
0.004472602834559641,0.7176624769366566,0.23021568579314697,-0.10312584802939787,-0.5417212959636099,0.2692898126327741,-0.7895480313318053,0.61999,0.14658343855353612,-0.5075430394762637,0.775777841784,-0.5602230213758675,-0.61999,0.36999,-1.19999,1.5943315987759727,-0.8999900000000001,-0.08579241028484824,0.0,-0.7432269689359076,0.18131772892226264,-0.4698573444867869,0.8745127725769719,-0.37484999142516107,-0.5904910802447842,0.49999,0.40097266547417815
0.4454447493851868,-1.7088401481123923,0.23918393515006509,-0.004278598443268824,-0.5313713976780962,0.8026555375754417,-0.27086937686727797,0.0014752895903404582,-0.1255407957617743,-0.5975704804185268,1.766839042477505,0.18465821615150713,-0.12356824730695193,-0.2658758837247178,-1.19999,1.7056551010182157,-0.25276885957088807,0.4290558853049329,0.0,0.3202263973914706,1.108023935648804,0.1551587120976336,0.08940987933902539,-0.879724739088209,0.19999,0.49999,0.6351166468937791
0.39668494227204054,-1.7525006869895468,0.20899956305215187,-0.20437711024817598,-0.5387867356475042,0.4863210414067753,-0.6568338412277046,0.11376505242634752,0.40999000068300223,-0.6294497399293015,1.5106661291780725,-0.13214519389632923,0.3603408003568985,0.03388619266288007,-1.1999900006830022,1.901961707771497,0.014414256046410886,-0.005457150365127228,0.0,-0.516089659431687,0.9324025828080844,-0.4999900000290713,0.24504833892582664,-0.8593750773913396,0.19999000068300227,0.49999000068300226,1.0577930336624346
0.019824838069167225,-0.8040571835074581,0.16783482326415466,0.3282561402536538,-0.4760665267816938,-0.7327125904531002,-0.3588047216178949,0.6065457899212949,-0.36999,-1.19999,1.6899187049244797,-0.7268430348628491,-0.5105045202850561,-0.40998999999999997,-0.17785842651533443,0.8137659215855073,-0.19023498958551932,-0.2981489199515266,0.0,-0.6286841130016079,-0.022266664665594647,-0.336770180181716,0.48769504206532477,-0.5241823438201649,-0.6969146312258229,0.4887891199986869,-0.1429320015348874
-0.9840217485454168,0.7176432991571579,0.16717882437331635,0.3650551384709502,0.4513589725372761,-0.6518923191238459,0.48789981354104084,-0.08384343054039485,-0.001983860845149597,-0.006792542141812257,0.5901921512645474,-0.10838736320560159,0.011859534958883798,-0.022590414593556884,-0.28963792726132365,0.8827224966503782,0.021141220071105506,0.22602361113668326,0.0,-0.8197837533450161,0.7064310413121272,-0.38965442151162716,0.23955670853546202,-0.5239752313770923,-0.6156522467473391,0.4999899999894865,0.26283633820713836
-0.9523834476512953,0.5935411542617728,0.2572742166444537,0.4660290764681138,0.4050353728642467,-0.48847721443884434,0.6165656960852312,-0.026042298380937398,-0.36999,-0.897256996520123,0.772702726450577,-0.8999900000000001,-0.2710886337569717,-0.27691224125017333,-1.19999,1.3277762218257745,-0.3134606494116924,0.3103111731609657,0.0,-0.9599671953104121,0.028157343984465347,-0.49999,0.44396620902914996,-0.3014433658351439,-0.9308203724639412,0.39182394668710374,0.377428290219237
-1.015201661222721,0.8284269597953541,0.2055969448978472,-0.626636645195518,0.22724635567758875,0.16583425750220154,0.7267631029214783,-0.2394268756614701,-0.09240947203696416,-0.4844817175194665,1.0043120963774774,0.2716626181645557,-0.21491409324302263,0.02726541138073684,-0.27184189022836025,0.3922498542379293,0.08309139805232292,0.7999899980885262,0.0,-0.18454858054881587,1.1032661898736429,-0.3234838028014995,0.2416822899162394,-0.7857831305509735,-0.1697903631167093,0.49652763259302196,0.5425631750333025
-0.9630706605774533,0.8352888981603638,0.22135654619814266,-0.39420165773196375,0.30912592338093525,0.5432044992620213,0.6737767349179936,-0.02469284198368748,0.09880564439668794,-0.15320004777643664,0.9095048604919644,0.3814114955628629,0.4375553514199169,-0.2227660616158671,-1.2,2.2,-0.30181208208953675,0.0053732202801759135,0.0,0.47889216798562023,1.4990733851391491,-0.08384591373876059,-0.0071469439079593945,-0.842871349546472,0.19999999999999996,0.5,0.611657574510896
-0.9334377590296994,0.6018100658484552,0.16707040926959063,0.5056921767972731,0.19431769568666674,-0.5563610564193409,0.630062243249835,0.61999,0.12561042501623723,-1.19999,2.128129571204528,0.2879923784407744,0.3426701696524847,0.06770096901960172,0.31453280107053677,0.4875518641794789,-0.05306707176367306,-0.3562746904917159,0.0,-0.6046754537519726,0.14111017549244675,-0.4931041953614128,0.5184691731205654,-0.8586704278982885,-0.39259625410397586,0.49532206122640254,0.2252077554341677
-0.7900907587448873,-1.6273689477817406,0.22272226085524086,-0.14921935152811336,0.498176206410935,0.7580584126616098,0.39357527296376166,0.3910103823583225,-0.3590316535794559,-1.1999900075130947,1.7452554038539845,-0.6774080520533129,0.07314191209349359,-0.12333362327522245,0.17281219727616987,0.7310386509634021,-0.32039177330929836,-0.1186342882913016,0.0,-1.260091693968621,-0.19999000751309476,-0.49999000751309475,0.5434153655623578,0.47540335898892677,-1.4984111925067893,-0.005255165913930809,0.22769127957128651
0.7547154430301588,-1.547135781945069,0.20733283678162442,-0.6518154876314708,0.04777789814546965,0.7561615927737455,0.032764128958695425,0.16481297841254247,-0.2648319228197546,-1.1094149113475993,1.4472432707366416,-0.6757697617391778,-0.4286648252109191,-0.12164321894629868,-0.6232619084018989,0.738770247503109,-0.22454267692802377,0.2166025073970315,0.0,-1.0435572587833237,0.02190561593584578,-0.4999902429870479,0.6522954777356637,-0.20668491705121214,-1.1221313108062405,0.25334030993629064,0.052201624012360365
-0.4495909711367692,-1.4556452449694675,0.21443056019265377,-0.060453346912423656,0.538428946167099,0.31006002415306566,0.7812185636546741,0.5019815677830516,0.09016074549110582,-1.1989393571483928,2.023435976260493,0.6474914670580736,-0.48086674869595747,-0.033290448992315376,-1.19999,2.0938360455736076,0.5990438772178,-0.24554256156155552,0.0,-0.9218665580104641,0.09751400022569498,-0.4229450080004931,1.20954807181573,-0.824667706255789,-0.15546637545766004,0.3242407256656205,1.0812313942724032
1.0827964802746195,1.4592338959270534,0.24059648456411456,0.43212981409347007,0.2847685460958523,-0.38074216801168526,0.7662937429104834,0.08460767390149003,-0.127928632852119,-1.2,1.8718280388160005,-0.5851271869060559,-0.3811426165490191,-0.40011771203583063,-1.169583547362871,2.1839637879428775,-0.5425713650308644,-0.0783745498501524,0.0,-1.3408125959444097,-0.1592254202435496,-0.5,0.7486943846183243,-0.7209987712015853,-0.95686202503381,0.5,0.5221261457339049
1.0958263233516083,1.3607787922679742,0.20942313760717554,0.44588521981635687,0.3636377605737812,-0.468105909587208,0.6706942725592164,0.24947612460156135,-0.011836111718237442,-0.6949189937712589,1.2858574954150754,-0.4854196550131378,-0.1863112770467506,-0.2383105797994346,-0.7537636021882723,1.5619918975929692,-0.4532818073483523,-0.05215684062231919,0.0,-1.2561527528161567,0.10326874551393306,-0.49999000751309336,0.8218467339067677,-0.8556228759208994,-0.6507964428335288,0.49999017434535464,0.334701499572796
-0.4429320412439763,1.5841170973352285,0.1562078623372646,-0.03470768524051452,-0.5052562791250633,0.014582232883784216,0.8621477990890332,0.3783626882981092,0.006426466418301606,-1.180181289913871,1.2667763896908593,0.07066036724807044,-0.41868324169973903,0.044556706492029065,-1.1999900000007042,1.248727392791988,0.05225594256599707,0.07192336747968683,0.0,0.9465253808286295,0.3530689368805934,-0.49998999973287994,0.4461503581945634,0.8434200937915196,-0.37828352165718887,0.35503623065498685,0.2987225315903597
0.8786407038952603,0.9038030839330999,0.19392819403162825,-0.28705209803550275,0.0881421817677403,-0.953829330955066,-0.006454162722588906,0.3813878477637014,0.27721187858310736,-1.2,0.42566321856662986,0.7058753048187417,-0.29153776504194784,-0.14102837499948895,-1.2,0.8506022813889739,0.08961412113420172,-0.027861953888037506,0.0,1.2150295047977657,0.0903506349086971,-0.08829475642256915,1.2534636963131414,1.0814533557370871,0.0016493876653214043,0.16635021972250175,0.7840446134954584
0.8113703534268558,0.5646331840477312,0.18516667329932981,-0.40287672979374967,-0.09866139508945221,-0.8992021534283213,0.1392542889090506,0.38897396476167484,0.07117417490448105,-1.19999,1.1058287592366025,0.39990365618762735,-0.37230046266085826,-0.29375124438362815,-1.19999,1.0098942034454825,0.21677914568360684,0.08256415024715662,0.0,0.8100196348187945,0.02617555748027181,-0.49993023166050965,1.5699902029038373,0.8012698548762562,-0.03854979680215436,0.4999901224417666,1.543502769565789
0.6506766914741181,0.79888083586245,0.227259502475278,-0.28922646168289673,0.39962418328679467,-0.8360494928653026,-0.24014539652973957,0.6199900000057759,-0.15228480577188638,-1.1999900000057757,1.2319458317469143,-0.11100428559245808,-0.32040409321158964,0.076519874905416,-1.1999900000057757,2.1259653183980043,-0.1285461309137379,0.3373940631763809,0.0,1.0838567634594551,1.0427896488902044,-0.2471632807221438,0.14381708298287876,-0.602126255611802,0.0075969731717917864,0.4999900000057758,0.278355595878452
0.664824713884669,0.790710766278494,0.20166554227780703,-0.350218150042732,0.4473859921082523,-0.791873731798262,-0.22389509671687022,0.61999,-0.029890296173189224,-1.196381204575267,1.2541006095011185,-0.03617860478837477,-0.3764367207949427,0.14173179819200163,-1.1612540927640043,2.140344723707221,-0.02788244121622514,0.323962149102476,0.0,0.7306619936331332,1.3142497982738055,-0.49998999958487816,-0.06246270388251486,-0.6686021026368142,0.03513804026783162,0.49999,0.3881662662659149
0.2622807865241798,1.3514595521770214,0.2458739575102498,-0.4032624543291572,0.14464848542015032,-0.8844241830258345,0.18506775265606928,0.48373168200738925,-0.1181112440947715,-1.1999900000000006,2.1711642070997,-0.4909145798999869,-0.47203220876296276,-0.2817128127241218,-1.1245947032396721,2.1410588019017935,-0.36955974552279125,0.6615557451467291,0.0,1.5099420413539533,0.9538404931463995,0.2620696949651319,0.4356132789080488,-0.46690618122470773,-0.2940942416245216,0.4999900000000007,-0.042455446432064274
-0.11387186807792295,-1.5598459228957784,0.24433479968570584,-0.028189783732121054,0.4474790332722676,0.7939261839656381,0.4106690459343285,0.493144125018051,0.2840092189344647,-1.0288113928371168,1.1328893894226215,-0.17388597604901548,0.1903694425260831,0.36999,-1.087351369930052,1.7615003593812024,0.3303164127503051,-0.3112551688502644,0.0,-0.5108742297067341,0.25066443478442596,-0.49999,1.1050087232483525,-0.48704210008361015,-0.4592927085114486,0.3415934221481107,0.973886299047611
1.0393862390382338,0.7791657792419404,0.228170218547018,0.24608943820732976,-0.30997458562387514,0.6882223778640167,0.6080342944911136,0.23814324607686005,0.18207801609247729,-1.2,2.098655393785962,-0.3399222194123999,-0.20206118632114695,-0.3578570814207426,-0.9619631854149302,2.1057714689219753,-0.4432274954947567,-0.02058335045996606,0.0,0.9639811589984665,-0.04357861701211107,-0.20209980147587978,1.2530224640842085,1.1948699054769747,-0.3388343341737535,0.021591145513716884,1.2014358918536425
-1.183732596401441,1.2819208244798055,0.23594561513742812,-0.3072627896245438,0.46761254148772574,0.6073295496421458,0.5639848466820723,0.16717365805316553,-0.19524571715829298,-0.08935949645582453,0.5029932380463575,0.07239218839369702,0.07932285591549869,-0.4077664592948481,-1.1999909090917353,2.1999909090903786,-0.48683797876056445,0.12021151811832818,0.0,-1.5657316015235563,-0.19999090909173553,-0.49999090909173555,1.0534371927717678,-0.5930448703652782,-0.8706871681704363,0.4999901105294664,0.612483936799265
-1.1255395358382771,1.3635634934738181,0.23655487387118812,-0.06512550747492644,0.6085595304962321,0.5505495751706984,0.5677227592740166,0.28709922728921344,-0.36999,-1.19999,1.4123836638858247,-0.6289255911356515,-0.2934438443410904,-0.3482130028711045,-0.7174907831834266,1.7458267355464534,-0.327163318018465,-0.560858788437864,0.0,-1.189044738976873,-0.07170497944333568,-0.41077581394935536,1.3900349790453865,-0.8408364423986704,-0.5728268008382382,0.49999012197256026,0.8729604921414316
0.6531850825493934,0.2574678317593504,0.24529631182359363,0.3312262740531413,0.4413570707561114,-0.1539088670458239,0.819637207620011,0.25458626813507146,-0.24503821666418626,-0.6557818019239788,1.5185302431793615,-0.3671988391143476,-0.14757551853817186,-0.40915222710856985,-1.185317038186925,2.1999999999999997,-0.5810776088825311,-0.048139336701715094,0.0,-1.3888424560162917,-0.2,-0.5,0.9960390339769505,-0.49779277764676333,-0.773185783018465,0.5,0.7396605867241558
0.7038729733895916,0.21742983052884757,0.23443675734124678,0.30285154326279495,0.4949999537682982,-0.26354640567988974,0.7705837271613883,0.17710198801854182,-0.1928808500611716,-0.9355649552782062,1.8620783262866398,-0.1453000804911707,-0.1544931807822368,-0.2364405516739261,-1.1248600636133774,2.160641352512626,-0.6304563461752586,0.16966461907788563,0.0,-1.1186683876539565,-0.2,-0.5,1.0234929408126998,-0.33656981758984084,-0.7042947086040608,0.5,0.6069583886758954
0.755069417488768,0.2295593256104996,0.22524731578279503,0.3821735037672716,0.4700858426380053,-0.2972443194752469,0.737975967162388,0.2763201544276946,-0.026327964353633694,-1.19999,1.7958074995549635,-0.7310112994033424,-0.1150679143943202,-0.2809201882193455,-1.0502439492918934,2.115854243386718,-0.5711196981997599,-0.16774024459738623,0.0,-1.0661810848628854,-0.05986053326307897,-0.3934568038769639,1.2059622354447523,-0.6293628134847086,-0.5928293840193,0.40844073272719705,0.6897000703742309
0.6685189912605587,1.8947328447130554,0.23476065631003887,0.27786148679091127,-0.28508502360289584,0.8058432154529216,0.4383334753177953,0.13173466319709698,-0.02983167901796475,-1.19999,1.8543060829239952,-0.047917034138749946,-0.2470743762220571,-0.40998999999999997,-1.19999,2.157670105884538,0.4118155019421809,0.28717558178148056,0.0,0.8068953123507505,0.3252944322580772,-0.1629606351908981,1.4932846183823434,0.7022460953923931,-0.195192218951172,0.49999,1.2467178831235817
-0.8762990474492908,1.5564864852523812,0.22585863050692295,-0.0771625374941737,0.3281859216417638,-0.27177474081552566,-0.9013758560657491,0.22554970048951048,-0.07791358521589666,-1.166878009473127,1.081080302915417,-0.00224306106079128,-0.2349200650637135,-0.23053680755651657,-1.2,2.1448064288741753,-0.517735405585889,-0.3304814711101959,0.0,0.4670001929763636,0.012602298060674111,-0.45862539957857973,1.3346791799453606,1.0745119561160135,-0.1952168545703751,-0.10057770061971098,1.1529451578744707
-1.1273916894061036,-0.07648932473889078,0.2779715693329913,-0.4300123604746432,0.0862139185735247,-0.17691637922574985,-0.8811113010538869,0.4855540094973621,-0.37,-0.8326548569539852,2.011184773909892,-0.5076463251924215,-0.3794313686542823,0.2300182502281996,-1.2,1.143431542111657,0.17112378388877036,-0.2287210197740694,0.0,-1.3569422967505538,-0.2,-0.5,0.712747175717295,1.051078016751801,-0.8821908477328687,-0.17252062196019768,0.9200843277913721
-1.0399039106464185,-0.06832614636356245,0.298035494056815,-0.42062379891701773,0.14875590246406273,0.010716758433513413,-0.8948924250184469,0.3961154374447699,-0.12037826992391307,-0.18817239016352458,1.8095652332304741,0.06120847987990572,-0.09958245365736086,-0.40998999999999997,-1.19999,2.19999,-0.6429668435503205,-0.298329560142509,0.0,-0.21986808018054502,0.5465860676846425,-0.49999,1.024578508349493,0.4950636531291324,-1.1439573138780432,0.47940012627793605,1.188018178530414
0.5652117526338197,0.4357078043328224,0.22862671170525864,0.49564781743085473,-0.1922368720508926,-0.8331675101072424,0.15234869937684728,-0.2533206060495304,0.08701727003529755,-1.2,1.6296333378712375,-0.7964419310015641,-0.5045778118466172,-0.06742487606178732,-0.6506210880975333,1.4911112948101992,-0.1061085611028117,-0.26079638721837506,0.0,-1.1512024930381162,-0.1831756029512444,-0.5,0.8530562367180071,-0.6756709975638842,-0.6657890322234702,0.5,0.6734295504217648
0.5419615982608879,0.43859900518644107,0.2230887627059555,0.5969840663680845,-0.05716292275666033,-0.7945350977166803,-0.09516513679329883,-0.1694180361366922,-0.03167226998910939,-1.19999,1.8477948211198985,0.48523079136685043,-0.2707651465011935,-0.04401324439414229,-0.6409863936124468,1.4800385890610759,-0.11895083066158074,0.14336935390418035,0.0,-1.0458708915719104,-0.013710412975902142,-0.4757337849156087,1.163700797461259,-0.6912446018488603,-0.54777793129006,0.43779109863293314,0.606873962006318
0.5267032064632556,0.43673576637714306,0.23001275272559604,0.5909822266703944,0.014272908799143929,-0.7985879369563834,-0.11310879179736565,-0.06418137428786092,-0.03751254359471473,-1.0534092557286359,1.77086198270184,0.544604950982554,-0.04463354715772279,0.022264314993670615,-0.8597445828634431,1.6730035013510498,0.35034972800642283,0.23996271546896816,0.0,-1.1188424188227732,-0.04008260073141906,-0.32593291780813505,1.3688309499891562,-0.8147967343085332,-0.33953536480602126,0.41877041016877764,0.8431043065965537
-0.9162899059700043,-1.0058950617662907,0.3004481059546126,0.3994818123683576,0.38103366377371983,-0.5015068063463114,0.666122024742006,0.5111126032833154,-0.2807539043306002,-1.1309285704926142,1.1036717869451464,-0.6521652051921644,-0.1377150497507499,0.09317237487349618,-1.2,1.2085701294378282,-0.899999999852957,-0.09354171517348694,0.0,-1.1493883879334885,-0.2,-0.5,1.1433836424673893,-0.9211898380974247,-0.5745457975029615,0.5,0.7507320315692454
-1.1041768261043683,-1.1494349752840387,0.22537955087745926,0.40163015183079703,-0.11079833171013402,0.3530679327342918,0.8377111588759911,0.24897009691439617,0.058076157500257214,-1.19999,1.2180749482690962,0.3827822032668211,-0.2730931039085071,0.36999,-1.19999,1.188814919243967,-0.42577566356386476,-0.22865047937931,0.0,-0.7191753376157688,0.599647346229375,-0.49999,0.332072319898346,1.109400627121166,-0.26376593943004334,-0.49998999952024764,0.4189964135958641
-1.1586840632112003,-1.1421579482097741,0.2373275963932534,0.37585924309367574,-0.19439965375341484,0.3754379507783775,0.824611999134704,0.6197565831398429,-0.36999,-1.19999,2.19999,-0.0758238637739888,-0.61999,0.36999,-0.9555014067609074,0.9368190936674737,0.10842145100850689,-0.19733422984473492,0.0,0.9706863951292283,-0.005874408800610227,-0.49999,0.9376055452137984,1.4061234276882775,-0.5979097731270908,-0.21804075628678263,0.6665113633881791
-0.32887831411435964,-0.37384517547278856,0.23526543485374507,0.22875869012823424,0.5079823274679315,-0.1542762476022512,0.8159793233267899,0.04472093615598974,-0.017532376405734067,-0.48730061685536863,1.2278435524827318,0.01762379727533433,-0.09308409457815285,-0.05750335025853011,-1.19999,2.19999,-0.5154813911940038,0.36708081022992034,0.0,-1.2767591719830265,-0.19999,-0.49999,1.1066191786124404,-0.20265000214999787,-0.6371679685310055,-0.029762648570162125,0.19104658454174686
-0.3243336531229519,-0.3812645649491326,0.21937154975316672,0.2398998018413067,0.5513956963549493,-0.20726618010622574,0.771655105407795,-0.09179000580231131,-0.044647867047679035,-0.4220700720180478,1.0425737997225903,0.06760102779527043,-0.05182344167339533,-0.0914726949507746,-1.19999,2.138935194820196,-0.47706363318741707,0.04191934203992777,0.0,-1.1634437033793814,-0.1259019220667183,-0.4973284620725685,1.3724445204590512,-0.5316412165561494,-0.574613375375662,0.18789227703127992,0.4022501972055183
0.9208430582109731,-1.220485504500133,0.21380211373036365,0.18939765369417366,-0.5452603727478021,-0.3348337143214641,-0.7447859010747733,-0.10114401348555582,-0.3077872000056348,-0.7117822335989009,1.5168759172956803,-0.44818133358116413,0.018188971418293988,-0.40998999999999997,-1.19999,2.19999,-0.23572570901403875,0.06698495925228619,0.0,-1.1147236794436952,-0.15224261927715224,-0.49279332815167354,1.4257702602632538,-0.4656991997862314,-0.4472044894149571,0.37503122608680833,0.8546014063968724
1.0416406248429246,-0.5312078465306524,0.24224565691210134,0.17595921722814628,-0.5696210488106919,-0.49764358746217197,-0.630016725557381,0.3415462879599154,0.25527500633018807,-0.6430604053850997,1.3194072910033017,-0.0717520693313293,-0.08906912111943574,-0.00199746865024156,-1.19999,2.19999,-0.3922562830971277,-0.34998158721934786,0.0,-1.2511862800172222,0.018832369544171428,-0.1822010614057632,1.5630558912373682,-1.035503501353445,-0.06846043742046763,0.09364943075895295,1.2742885797757448
-0.5455255026211819,-0.2542977472239569,0.2672550023210864,0.29744036860578066,0.619280736303975,-0.1504465376513614,0.7109053636562196,0.61999,-0.36999,-1.19999,0.81226162838515,-0.5858307652179271,-0.61999,0.36999,-1.19999,0.8345574729460906,-0.6589370684736564,-0.37745246725568143,0.0,-0.7991639468273358,0.48087217019699674,-0.18553858088193814,0.7234891752343323,-1.4948002228033284,0.11305463451359174,0.49843213365187716,1.5643725904934855
-0.5519477736327235,-0.2523024289777389,0.2840586836912732,0.1344897784816095,0.5881887422435877,-0.1892168704819245,0.7746892789415,0.61999,-0.36999,-1.19999,0.7923286241639278,-0.5640444685300692,-0.61999,0.36999,-1.19999,0.8215892836382799,-0.6342878417538821,-0.6378062771420457,0.0,-0.22167108911724887,1.0339824751101871,-0.4040403572148895,0.6502118987217105,-1.1163210585691756,0.17666821144564318,0.49999,1.1657033468403828
-0.679463665263043,-0.3188105256866112,0.20870175566169502,0.31057896919510836,0.4666357619435249,-0.6934734662807257,0.4526437021915639,0.3356100309849171,0.15576213390525914,-0.5909240168138982,1.2494096503377954,-0.16802548264527836,-0.38400446547728473,0.3508615655018577,-1.19999,1.7390579163111684,-0.8999900000000001,0.2987605804619596,0.0,-0.5746312101467964,0.5041568962655444,-0.40729256896643967,0.7493855486779315,-0.9097258569315703,0.034350483468724255,0.35085120092756733,1.2525111125735173
-0.8085059355631753,-0.29862015808871745,0.29088949269182124,0.34876740557024954,-0.2613581315922417,-0.4635521144024576,0.7714743424738245,0.61999,-0.15928319406958194,-0.8331848474319627,1.0528113163154542,-0.273766839792737,-0.61999,0.36206324813078067,-1.19999,1.7241204109734576,-0.17307751301171123,-0.4352296670834314,0.0,-0.7431431549350571,0.3771674035819113,-0.49999,0.4150217230178739,-0.3523556834469314,-0.7732937854740431,0.40977920014281727,1.4491489080677664
-0.7363859986146551,-0.008253684024517543,0.23605950659074346,-0.43999462764249353,-0.15724449376918526,0.3099890987803724,0.8280009996747277,0.325609942898235,-0.36999,-1.19999,2.046814865417054,-0.12784890162511053,-0.15569697886300238,-0.30756993800457044,-0.7391583505466052,1.082612065082701,-0.04133680878122316,0.43771286179895613,0.0,-0.19807461463850032,1.3772343142756045,-0.49998999963452295,0.26049180640705033,-0.5792936034599611,0.19999,0.49999,0.8827086484858263
-0.80896656238227,-0.022787029445962694,0.21489253000476713,-0.43232171589519336,-0.28132500797916427,0.6420772444374566,0.5671780902208418,0.008577225864052974,-0.3524031890709602,-0.9215724879714137,1.8394391580567266,-0.04457435252336642,-0.6005642033731794,0.02450943890838938,-1.1339183745587755,1.423791986783436,-0.21354171225111612,0.6471197721915519,0.0,0.04682032227690385,1.378562548071539,-0.13746353839252806,0.1293649986917531,-0.5955370177102837,-0.055534894701266366,0.4999900000056446,-0.2550583490858785
-0.8402326263328511,-0.03618699764531594,0.2203990704492176,-0.6144490635381018,-0.12106838771284555,0.7412560717882777,0.24152480173011923,0.6199999999999997,-0.0350591307430189,-1.1999999999999766,1.773032585628306,-0.4740476260620639,-0.5871003497774895,0.37,-1.2,1.3338891872875909,-0.2745103229735423,0.07437390696329069,0.0,0.14818002709342948,1.5,-0.48811122690647163,0.3912932041262885,-1.2776714320107518,0.2,0.5,0.8461725726185981
-0.6926586632522497,0.00527158966846688,0.2685541914001047,0.39494164384328345,-0.21978979800756082,0.3968273802071954,-0.7989002271673576,0.4558085394365859,-0.24953164964897978,-0.8647945667304476,1.9633945720570438,0.19328359277678742,-0.5510645735462115,0.36999,-1.19999,2.0015574728391115,-0.5934287764503924,0.48418881637217526,0.0,0.0754030102757362,1.0843101474211099,-0.3656151346913905,0.7787529261833889,-0.6457171169372345,0.19999,0.49999,0.8655297199983979
-0.6697187599753806,0.031545110396855314,0.22181175751951443,0.10753331864018224,-0.5949837395285679,-0.001837316029179015,-0.7965096103303712,0.62,-0.36994561575259294,-1.1999999999986803,1.7717565693946131,-0.59168088728481,-0.62,0.37000000000000005,-1.2,1.2182724654773525,-0.8406265422223057,-0.19735225480218044,0.0,-0.12682792313634403,0.9621343293853322,-0.5,0.6392304344727522,-0.8246638412094913,0.1032567660612297,0.5,1.0330845733720717
-0.8952078117299935,0.5631535043049934,0.27207639183177945,-0.33379865735125575,0.3726927188346563,-0.050163109216110474,0.8643854789108291,-0.023100729256326887,-0.010532492809215113,-0.9933573987056884,1.9478668438195959,-0.3893127208486223,-0.4231404095872185,0.36999,-1.19999,1.7136787787915182,-0.8999900000000001,-0.012108985124029855,0.0,-0.26542513283800967,0.8679444262568602,-0.3738192627025742,0.7906569106617204,-0.692345558479182,0.19999,0.49999,1.035492497869736
-1.0829877381793624,-0.9526849074472695,0.23343637486460803,0.4792563163804874,-0.46662341203915336,-0.4860365027430987,-0.562445101807815,0.5429263856549161,-0.36999000000051313,-1.199990000000513,1.293179952106804,-0.4441975676925197,-0.4762498024492597,0.2205953597001593,-1.199990000000513,1.2268204082969716,-0.699612836019197,-0.0008203782771316953,0.0,-0.2574249610801394,1.076240847382703,-0.49999000000051314,0.5833657578561218,-0.8576219259223282,-0.03430009489710382,0.48002048958197213,0.820068962704486
-0.5748038423277113,-1.10002837084022,0.21491473511342843,-0.22621884589152116,-0.47669654005084094,0.3815006854061578,-0.758974748922319,0.09943191782093487,-0.12957831913214815,-0.7767672026163569,1.541021620422697,-0.21881126908110837,-0.1603011424509249,-0.296365114594856,-1.19999,2.1719630267379446,-0.6470268412468423,-0.31307073469713437,0.0,-0.5104754950912647,0.7158905721063918,-0.4998109051662634,0.45787440890776643,-0.908104711791297,-0.018070148672322737,0.49999,1.0123036221634902
0.9774422626039478,-0.13673798906110846,0.21207109658300508,-0.19602324324814496,0.530726360231233,-0.050973458725258755,0.8229861026577365,0.61999,0.40998999999999997,-0.6629536632756609,1.1181553170366425,-0.5724914288414256,-0.25101960728561235,-0.07274008366628842,-1.19999,1.126012691612974,-0.553991269551485,-0.23416331359426593,0.0,-0.33012553639501924,0.835474320564885,-0.355334529302215,-0.10877969935548173,-0.7394263553638987,0.1373948642057778,0.49999,0.5142867877122407
0.3964458079169839,-0.3753475520640625,0.23498948360521152,-0.430844868917236,-0.5272282778801327,0.5685832353808722,-0.4616450437024748,0.61999,-0.35113626287268784,-1.19999,1.2564253895232862,-0.4163818102013906,-0.61999,0.15969745142105507,-1.19999,1.1473212722332204,-0.735687420162617,-0.11042037159099578,0.0,-0.1069925100524527,1.326269450277346,-0.0513863726205479,0.40206262347745814,-1.2605705160411715,0.19998999996970115,0.34406734425951135,1.261577217248813
0.7174713720714717,-0.24968354540600046,0.22821993014613917,-0.049521128417476856,-0.598379991889092,-0.3956428130078781,-0.6949502195569712,0.4542182140136584,0.003976272674640904,-1.19999,1.6318088547970837,-0.6418789111607605,0.06303132410175778,0.12131445334790766,-0.7028564455687919,1.5789282457788971,-0.475085758677519,-0.5787278647923487,0.0,-0.8839494982024544,0.08846424034676025,-0.31212147103133725,0.9354830613324332,-0.8055162340708026,-0.25481617353300445,0.33782741727265686,0.8934315395702774
0.7562906520864965,-0.38650950623287983,0.29706336572709996,-0.3218624093902793,-0.23373930970854057,-0.59465491421365,-0.6986816567794076,0.62,-0.0027353329250597042,-0.8556320729782663,1.144995189670214,0.12248373529526177,-0.13694274638477652,0.14149756757037313,-1.2,0.35823159062226306,0.3830466233131578,-0.29452212069543293,0.0,-1.3222061762403627,-0.2,-0.49999999999999994,0.37486170919902534,1.1774437372586213,-0.7436414632175676,-0.4841534270256678,0.41625855030658593
0.7716789466359394,-0.36482100621168373,0.29974703563433835,-0.3464992735654538,-0.26544500923631537,-0.5140589669082555,-0.7383905328695394,0.62,0.021588831094278498,-0.5472802455734915,1.0859152986568894,-0.07364951157737658,-0.12548458220232614,0.17955550238818901,-1.2,0.5948430446932901,0.2562540647919622,-0.4648184770719938,0.0,-1.2696443715029242,-0.2,-0.5,0.5507313344022259,1.07293193484523,-1.0524508296903308,-0.4229607482171937,0.4543986574791649
0.8469910280317959,-0.2881403270549549,0.2664580638205909,-0.43050500702118966,-0.38713764082103314,-0.1973179630936576,-0.7911103004194672,0.5130720373459289,-0.19076368725283144,-0.043858087579603494,0.9386537422959436,0.5925348418450237,-0.4084029797893005,0.23453071549628304,-1.19999,1.693262031804452,-0.25569180033726063,-0.37747774364687264,0.0,-0.8889145478794768,-0.19999,-0.49999,1.0476734787497508,0.7505108398259557,-1.4999900783514764,-0.3788523035840208,0.48077393809347013
0.8950257409065779,-0.22803389809414337,0.23686995940010938,-0.3443258798778706,-0.5352301604315075,0.2672219334797513,-0.7235750148244043,0.34429776881998525,-0.2564371366889235,-1.1999900070350669,2.1999900075130925,-0.5769586230238546,-0.4968628139471703,0.3021227619982113,-1.1999900075130923,1.4908244320423245,-0.5661271759018205,0.2376035258087985,0.0,-1.1800643801678457,-0.19999000751309232,-0.4999900075130923,1.0299992637343918,0.0673608502744898,-1.495746243631076,-0.3003370825969572,0.3784242206725179
1.00759771765085,-0.06601995636218805,0.23263997488281743,-0.36671585825112835,0.5251183098733039,0.6472804704614148,0.41327742800955575,0.5265306084836143,0.058733964217021296,-0.6168491990265575,0.7740015960303661,-0.27687504346491293,0.003764337051360758,0.20588736965206042,-1.19999,1.9093634427629047,-0.2825241131436855,-0.44563965746355383,0.0,-0.7058998258646131,0.06440534229552178,-0.31875509029390436,0.7009578397159132,-0.8922402703255811,-0.30565097008165776,0.49999,-0.40227951712294885
1.0367972362566409,-0.13044287817386768,0.19884928572166372,-0.23685095589908567,0.5624619737566111,0.15645697547759738,0.7765689715613857,0.30093012951801573,-0.12334857032064095,-0.35044058824232194,0.6998380557600995,-0.5523376386740072,-0.36332100791326344,-0.4099900000000009,-1.0264359697426033,0.6139219079109806,-0.354208441336036,0.49046013780831926,0.0,-1.4031922005971704,-0.19547658642417073,-0.42075588300481964,1.2140706748849306,-0.4428431170902504,0.10252009822188864,0.40868663379740666,0.681953493096636
1.0356645700613303,-0.13448379135261454,0.2048333971873742,-0.24146571386985877,0.5579692196214673,0.1179532344032576,0.7851443774708826,0.31426758938469795,-0.14333532300078447,-0.3688756501403842,0.7116957783261073,-0.5616700991487111,-0.33556164146982137,-0.4099900000000005,-1.0899324168791393,0.5997799181759635,-0.27375944044732914,0.4903676952834914,0.0,-1.3104606812491646,0.09661216919501553,-0.41985068650445617,1.2693715505059244,-0.4589398000616563,0.06091728093139469,0.3777591851659251,0.707531746396712
1.0360874168461387,-0.13892737768777627,0.20421227717086413,-0.26361675704757215,0.548633281399967,0.09572948594678858,0.7876189392494249,0.33320309254050157,-0.1525017125588514,-0.3831787879339885,0.7279093809483055,-0.5229041712123227,-0.29704147448910406,-0.40999,-1.1373687025259938,0.5856470795358726,-0.20115195666733382,0.47164938613074203,0.0,-1.00562304718821,0.27324884759644563,-0.49996529997701794,1.4104977331451336,-0.45936769944338207,0.03999972421707379,0.33999975671696536,0.7249462833627924
1.0363083748679038,-0.14390875272846454,0.20548858150787142,-0.2790895118073111,0.5521448786832641,0.08259299485559136,0.781296022352466,0.35520172497280145,-0.15376746879311134,-0.39175746999359584,0.7500447734540884,-0.5122352818785944,-0.2537442780251885,-0.40998999999999997,-1.1772518270273358,0.5831724744128584,-0.13716086030362515,0.4118642728842809,0.0,-0.8367224465826406,0.4566177921906028,-0.4998089740693742,1.2335392131599376,-0.5179198113260971,0.029628964502974135,0.330712535743488,0.6780546885889963
1.0346177190657382,-0.14911361113721205,0.20644365558718045,-0.28634770324374753,0.5451698143785796,0.05906276828134499,0.7856885233604983,0.370477145736629,-0.14281481191225903,-0.4110024662894415,0.7839929758140901,-0.5279726129516287,-0.20658026148800576,-0.40998999999999997,-1.19999,0.5795340043661061,-0.08827784005118323,0.36178163032695027,0.0,-0.6966771458265667,0.633646562826075,-0.49941930083432223,1.0821995587669593,-0.6023792096627306,0.033292302482431126,0.3318848472971696,0.8867376222325599
1.0318742611743739,-0.15383209150402907,0.21035676820301744,-0.2946817511042372,0.5421905301276793,0.04443989593298758,0.7856317141354923,0.38990550656044765,-0.13078994238969419,-0.44994404065251187,0.8235798779261041,-0.5339433110143748,-0.16065430864637265,-0.40998999999999997,-1.19999,0.5554486738247055,-0.05412028087132815,0.3463682364333236,0.0,-0.6405423552981833,0.726898005592112,-0.4991009593792595,0.9657088473331863,-0.6965580730483476,0.03530512519968638,0.33185645125313695,0.957546123573156
1.0271389182347588,-0.15803313126023164,0.21633686004822586,-0.2920701603124756,0.5434198459545487,0.031192160513024193,0.7863949018148009,0.432724699261877,-0.13345283049181142,-0.49344926161749403,0.8570838089139128,-0.552306630444879,-0.13202143682153766,-0.40998999999999997,-1.19999,0.5307418045264691,-0.029770769094097344,0.3487127111143149,0.0,-0.6693010178992457,0.7403225490741487,-0.49999008929805705,0.893792164200596,-0.7923633012906807,0.07817345546152797,0.3328128296588832,0.9870852455222313
1.0222117311484338,-0.162674447047316,0.21980506714449297,-0.30182640944973504,0.5352307241239836,0.02288053752564099,0.7886097713793151,0.4831546457489367,-0.13930956651901288,-0.541163574794546,0.8853846198267368,-0.5759543833201394,-0.11065876871542339,-0.40998999999999997,-1.19999,0.5006289570970267,-0.013557905075889123,0.3605235355487874,0.0,-0.6824295097327309,0.7684469925862559,-0.4999901231320541,0.8637914042191297,-0.8979673903175781,0.10115970592485837,0.3993727648777637,1.0716676510725973
1.0172883688810752,-0.16788315337821694,0.22410554310950379,-0.30710280921934047,0.5396507682645811,0.026566617421994905,0.7834278063228233,0.524197421550361,-0.14131935843765167,-0.6015582118141661,0.916777554118013,-0.5966366263320421,-0.09194101526943094,-0.4099900000000005,-1.1999900000000003,0.4686162283472272,-0.01108276003699567,0.35468370354208206,0.0,-0.727680645891156,0.7819864576431844,-0.49728939503381614,0.8490879784539658,-0.9506367172732758,0.10990939891608731,0.410603762409578,1.140736678793204
1.0122866699124122,-0.17566058897949904,0.22789224696270022,-0.30682941075706904,0.545976674599778,0.02858138022216484,0.7790688597242447,0.5538792318542993,-0.14756605720750873,-0.6588490772296653,0.9530129453803777,-0.6159658437919391,-0.08233928918713,-0.4099900000000005,-1.1999900000000003,0.44387410122258136,-0.03191829419082186,0.3504539865902565,0.0,-0.7857569542226699,0.7826098087232964,-0.49411262637335357,0.8449760373314329,-0.9817727358018219,0.1091546366265706,0.41268709947414767,1.170939741073375
1.0062411793086752,-0.18467984604330087,0.23037359694111914,-0.3041534293014496,0.5518333612448311,0.029668702770939494,0.7759448440045789,0.5678762971754913,-0.1495936763542636,-0.7240329387944653,1.006316186983248,-0.6389403920592185,-0.06968959022720661,-0.4099900000000005,-1.1999900000000003,0.442388671267477,-0.07962009851163009,0.3380634634553903,0.0,-0.830910772046517,0.7972949429622408,-0.4927042025647331,0.8584001066802073,-1.0143846307801088,0.10930783731148244,0.4130797183083072,1.1724183007066287
0.9992714239854913,-0.193020530168489,0.23452970979542764,-0.30717982036559904,0.5548928751205829,0.04397937018473512,0.7718809947775143,0.5634919170085749,-0.1186123047154823,-0.8066430387694101,1.0724845349279237,-0.6421280490320328,-0.03776488715583424,-0.40998999999999997,-1.19999,0.48823596037037986,-0.1479303190481671,0.3141890797910369,0.0,-0.8683294132705343,0.81016337421105,-0.4937407617161437,0.876436316250019,-1.0883533123377727,0.10656010612792312,0.4134198717971983,1.1716704416174348
0.9926001479540387,-0.20106566047750912,0.23975652538203246,-0.31475975165547965,0.5594862190983234,0.0673504078368656,0.7637836028228485,0.5553959002740199,-0.07298618494929962,-0.903773476236497,1.1436590013377606,-0.6164808577332788,-0.0064609089253263256,-0.40095770122133456,-1.19999,0.5393606200812757,-0.21967617825910546,0.2907191855642681,0.0,-0.9087844124819915,0.7983555803839385,-0.49999003725888724,0.8721667369618669,-1.1635093310856457,0.09324975095439643,0.41219206497458155,1.189867872373101
0.9847568773673054,-0.2070421472929247,0.24274047033857146,-0.32352523144987927,0.5559031195515333,0.09436613258849726,0.7598672116287598,0.5409026478456738,-0.01568346748474582,-0.9774623927898909,1.1908221325871235,-0.5862647812676064,-0.007138748033489518,-0.3619403616206932,-1.19999,0.5850380460898004,-0.2502100851708314,0.2953107948492444,0.0,-0.9846133556772532,0.7192715857603461,-0.48706708416446415,0.8030750104096069,-1.1194476246353677,0.0679980832988089,0.39739258068767935,1.1762341918698012
0.9764364152755806,-0.21288819623770652,0.246198500949666,-0.3294316777704927,0.5510216955399294,0.1160772828807952,0.7578759299018754,0.527875725834654,0.03526242415630656,-1.0214804452031145,1.2116973754120437,-0.5682260386352436,-0.006959395722729693,-0.34166702017014866,-1.19999,0.6142146406682479,-0.258439601483986,0.29837279317487664,0.0,-1.0296551700318826,0.6240794161011672,-0.49998999992873344,0.8206754810308752,-1.1471700715104145,0.04518702207041865,0.3929296524380057,1.2067188083475804
0.967090514961652,-0.21964992513929302,0.25179336379670547,-0.34168132984544525,0.5445548816184946,0.15808081768661364,0.7494826914746242,0.513170159320142,0.10479904337760854,-1.077838083028396,1.2461474607702272,-0.5502484066547795,-0.014215217793802012,-0.2942930772579717,-1.19999,0.6565444189555428,-0.2737025321394848,0.28961612068095605,0.0,-1.0554658980454863,0.4830340358021959,-0.4999899999734259,0.8774408794086521,-1.180295501020692,0.009939741578370841,0.33127844159609343,1.2388404063083618
0.9575871598201894,-0.22824222112262949,0.25282896376630193,-0.358361261298556,0.5299893338901914,0.20552501675335844,0.7405727377183634,0.5023906672209403,0.19603285365055928,-1.174287700574264,1.3160541550381557,-0.5358651361834493,-0.05011658898731008,-0.20316539072105172,-1.19999,0.7264029874642023,-0.3179424163025317,0.28699049876160526,0.0,-1.0305571593165217,0.3261670729081242,-0.499990152155247,0.9435156434314167,-1.137554454880432,-0.01676832008196896,0.3187521501660247,1.2261587975219894
0.9493562408624313,-0.23389195733180146,0.25020586133099604,-0.3756578209708273,0.5104264280338165,0.23124431129433579,0.7381545445244492,0.4992204681538705,0.2521613899055528,-1.19999,1.3285785795586786,-0.5471785905630515,-0.08228965360666886,-0.13531900068452504,-1.19999,0.7661917413669845,-0.3502417828180215,0.2959890726309892,0.0,-1.0149095492396971,0.26190341696083724,-0.4965819406508929,0.92165819211159,-1.122651191199206,-0.015413860113345518,0.3212850630293748,1.2235464288811118
0.9409783575484624,-0.23940229557946094,0.25140952553873747,-0.400554173283782,0.4929578481598712,0.24366254205547963,0.7329239249755716,0.4876938290552128,0.3049501295799927,-1.19999,1.3104285512329887,-0.568437396123019,-0.10913137698082605,-0.07419416792400695,-1.19999,0.7972884457435256,-0.37092084309502193,0.32023175054915964,0.0,-1.0110523886071354,0.28605251143673877,-0.4986136056623901,0.916838933319488,-1.150486354112039,-0.033664726329327904,0.31115485908811646,1.2601399668936033
0.9338726742835488,-0.2466822646696273,0.25569668068445867,-0.4250584533218837,0.481244539629036,0.25609214842578354,0.7225965789093608,0.4655782291537386,0.3654340056137475,-1.19999,1.280838099933241,-0.5976560515564883,-0.13523480844702182,-0.02228422547324993,-1.19999,0.8242083301657177,-0.3947354133039506,0.3446558998633828,0.0,-1.0010262583630367,0.18212134015439277,-0.2554278259323206,0.9526468698468537,-1.1858580462386394,-0.027350228387901295,0.25628932613054795,1.2883951557567952
0.9289700774219737,-0.25275771665408553,0.2690027036547448,-0.4792160694208824,0.45949088695703155,0.23265633875350805,0.7106976232196466,0.43928934088835875,0.40911470808386996,-1.19999,1.256218888584124,-0.617024962492754,-0.16208010725089556,0.01754247443811274,-1.19999,0.8443239156526106,-0.41920974601558075,0.45436371652999474,0.0,-1.0850680775583816,0.14802014934478933,-0.24564396338384134,1.0251619025410492,-1.3105321776853294,-0.03280689740836978,0.2599310941426716,1.4083863766017932
0.9237883209861717,-0.25495138772568754,0.27267203466873524,-0.3448612924617124,0.46828784948337693,0.3492905215391622,0.7346926640104496,0.36250097679116744,0.40998999999999997,-1.19999,1.2583813887902697,-0.6361285786690273,-0.2793190726274377,0.06721635171803086,-1.19999,0.9224662527157333,-0.5249556590488968,0.5467504534062811,0.0,-0.6261293766717626,0.0072998380704110905,-0.49999,0.362659685782904,-1.0087844514831998,-0.20913241117522766,0.3367419710996344,1.206914938363409
0.9185700821121404,-0.261141484287709,0.27889727498358546,-0.31404420628900237,0.47726247881578465,0.36677292867359307,0.7342168491686358,0.2935437779813591,0.40998999999999997,-1.19999,1.2390955484617332,-0.6373620889081181,-0.3350552355351599,0.07455694672006667,-1.19999,0.9279783988842116,-0.5935000718057055,0.5504435710562059,0.0,-0.4665738461969142,0.04340116139167459,-0.49999,0.2583486542194791,-1.025369911813045,-0.27650322278675576,0.32358621779061236,1.23575746798132
0.9153777844469677,-0.2687077952438356,0.2896060335617201,-0.2728289810864442,0.49626643436467033,0.3764082076561293,0.7332126802036428,0.25344870536356406,0.40998999999999997,-1.19999,1.2046909613435128,-0.6255698811059842,-0.35322070174461095,0.06185350588612264,-1.19999,0.9294016445419186,-0.6384321352563146,0.5680888118668067,0.0,-0.3120279251168576,0.11500461075733873,-0.49999,0.19060222909973604,-0.951077529979769,-0.3601352118718829,0.27780152347124426,1.2767805084723851
